order_line_key,date_key,delivery_date_key,cost_centre_key,vendor_key,product_key,currency_key,quantity,unit_price,line_total_amount,line_total_aud,line_total_usd,order_id,line_number,requisitioner,approval_status,source_filename,line_uid,original_currency,created_at
b5b84c522e452e6b6b603effce911a4c,20250831,,91f0408a61f92f915ac67558b79fc8be,d09e7ca98733633b21e000b80deb3263,872d517c29fd86390bd5247bfc49ab27,2,3.0,162.6,487.79999999999995,487.79999999999995,320.4669172764385,ORD_AU_246493,9,user_2658@company.com,PENDING,data\source\orders_au_cc_au_003_202508.json,14596833716989976378,AUD,2025-08-10 14:24:59.504+10
42c6f7a54150c7824518c0836e45c6c4,20250831,,c977754b89e8dc8ba17cdeaa23d38ae7,2daf87bc3b78cf832431558d684aa808,3952f9e49d5a126a3e4a8b216a7c4ac1,2,2.0,17.19,34.38,34.38,22.58641372686338,ORD_AU_254049,6,user_4685@company.com,APPROVED,data\source\orders_au_cc_au_001_202508.json,1179968814239716786,AUD,2025-08-10 14:24:59.504+10
591491c480e973f95d4284c5ced419ed,20250831,,d4de6470b90d995178d2494307f639ef,d09e7ca98733633b21e000b80deb3263,80d5a28f2fcf06e9e1049a79cc965eb2,1,4.0,444.2,1776.8,2704.5632272,1776.8,ORD_US_585243,1,user_8275@company.com,APPROVED,data\source\orders_us_cc_us_003_202508.json,569327008168288653,USD,2025-08-10 14:24:59.504+10
1b62c6f94be5792c75016999288f3696,20250831,,62d296563f195530c1c981ff481b07b3,bbc4ee462e9f76716579f1a6c5627b49,89b40904deb88f8684c25d3c11340838,1,3.0,15.87,47.61,72.46975194,47.61,ORD_US_981519,10,user_7977@company.com,SUBMITTED,data\source\orders_us_cc_us_001_202508.json,16607544546173427863,USD,2025-08-10 14:24:59.504+10
072da2fd88da448513a8d5841b84bea5,20250830,,91f0408a61f92f915ac67558b79fc8be,bbc4ee462e9f76716579f1a6c5627b49,14d8e65533f4138bc6edcf9a5e4a97dc,2,2.0,398.92,797.84,797.84,531.2116117649017,ORD_AU_617235,7,user_9774@company.com,PENDING,data\source\orders_au_cc_au_003_202508.json,793558315922495532,AUD,2025-08-10 14:24:59.504+10
da34c02664ceece9485b3da553a2a283,20250830,,d4680a0984ad2d62127cc2b5ec019624,d64e0756aab2ec1bb750fbe1e057b307,362f93603b14f190cfa5cceeff63b2e5,2,1.0,86.35,86.35,86.35,57.49288413203056,ORD_AU_845366,8,user_9810@company.com,SUBMITTED,data\source\orders_au_cc_au_002_202508.json,10534010262869605858,AUD,2025-08-10 14:24:59.504+10
44d6f1b02c5098bf548dfab47bd46aee,20250830,,d4de6470b90d995178d2494307f639ef,2daf87bc3b78cf832431558d684aa808,89b40904deb88f8684c25d3c11340838,1,5.0,360.46,1802.3,2706.9194275,1802.3,ORD_US_587665,5,user_3574@company.com,SUBMITTED,data\source\orders_us_cc_us_003_202508.json,14395584070476363043,USD,2025-08-10 14:24:59.504+10
e9f3d7766e8004c20f8571f2c478c400,20250829,,8f8c5193945cd7cf3287ea3c935d3ddc,2daf87bc3b78cf832431558d684aa808,2d76498279fceb080c8276f555bf5877,2,1.0,16.96,16.96,16.96,10.957417254055732,ORD_AU_889149,10,user_1097@company.com,SUBMITTED,data\source\orders_au_cc_au_005_202508.json,4960497273794583694,AUD,2025-08-10 14:24:59.504+10
69f6c2ea840e387c6e59c94d4763ad4e,20250829,,62d296563f195530c1c981ff481b07b3,d09e7ca98733633b21e000b80deb3263,c7ce8e91f8a0069a94842b91867b046f,1,2.0,253.47,506.94,784.6468014,506.94,ORD_US_334874,1,user_1542@company.com,PENDING,data\source\orders_us_cc_us_001_202508.json,9394921723401853012,USD,2025-08-10 14:24:59.504+10
7672521febaa297ef077aba24483b7ae,20250829,,62d296563f195530c1c981ff481b07b3,153f4fead6bcb7b8277efee4aed71c31,f3f79b4a7f54b4fa78bc9df0fe660411,1,2.0,172.93,345.86,535.3255666,345.86,ORD_US_526002,4,user_7381@company.com,SUBMITTED,data\source\orders_us_cc_us_001_202508.json,6525551843597702484,USD,2025-08-10 14:24:59.504+10
37d2eb798426356ed597c5167a1f776c,20250829,,62d296563f195530c1c981ff481b07b3,d64e0756aab2ec1bb750fbe1e057b307,b646c84ea74ebbd2ce27e17d75e2b819,1,4.0,131.82,527.28,816.1292567999999,527.28,ORD_US_671532,7,user_2096@company.com,APPROVED,data\source\orders_us_cc_us_001_202508.json,4225185058338468973,USD,2025-08-10 14:24:59.504+10
78a73ac0ef9d11cbca0066a99b828127,20250828,,d4680a0984ad2d62127cc2b5ec019624,bbc4ee462e9f76716579f1a6c5627b49,545b003f6bac13bcde42827f40560b61,2,5.0,322.05,1610.25,1610.25,1040.1889878529958,ORD_AU_572055,7,user_8871@company.com,PENDING,data\source\orders_au_cc_au_002_202508.json,17193449233580949978,AUD,2025-08-10 14:24:59.504+10
67f6e84a1396c92f794fcfe4d02e9f23,20250828,,91f0408a61f92f915ac67558b79fc8be,2daf87bc3b78cf832431558d684aa808,3952f9e49d5a126a3e4a8b216a7c4ac1,2,2.0,395.05,790.1,790.1,510.3886472924402,ORD_AU_662874,5,user_6062@company.com,PENDING,data\source\orders_au_cc_au_003_202508.json,1087806821207409232,AUD,2025-08-10 14:24:59.504+10
a4f719576a348444fb2f7b34343ec19a,20250828,,2f9cd7e07b2c3a542b837e13a2fc83d9,38e87d3db9b9a1d2dbe7321ac29df584,2a71cd7e3b9c19d2d3196dbb88037416,1,12.0,41.36,496.32,768.32122752,496.32,ORD_US_379902,3,user_7491@company.com,PENDING,data\source\orders_us_cc_us_005_202508.json,9347585432365173839,USD,2025-08-10 14:24:59.504+10
3d9860e09c2db8af1d6a9b3a8b4e39aa,20250828,,d70ed7a32bdc9dcadee90f6e0dbaf443,153f4fead6bcb7b8277efee4aed71c31,83126802147492a03a46ffe25a26e53f,1,4.0,118.67,474.68,734.82172848,474.68,ORD_US_734390,10,user_8389@company.com,SUBMITTED,data\source\orders_us_cc_us_002_202508.json,9402958227544027437,USD,2025-08-10 14:24:59.504+10
303fd619772b619c568977e68375fae0,20250828,,d70ed7a32bdc9dcadee90f6e0dbaf443,bbc4ee462e9f76716579f1a6c5627b49,89b40904deb88f8684c25d3c11340838,1,1.0,75.96,75.96,117.58881455999999,75.96,ORD_US_914019,6,user_7101@company.com,PENDING,data\source\orders_us_cc_us_002_202508.json,6012602385009448860,USD,2025-08-10 14:24:59.504+10
00b77bc0c0a41515c8f5149188e1b08c,20250827,,ae3328023c15672e5202871def883d8a,38e87d3db9b9a1d2dbe7321ac29df584,22579cec72b18e2776930b000867a9ed,2,5.0,319.49,1597.45,1597.45,1068.3640643914314,ORD_AU_101677,8,user_3565@company.com,SUBMITTED,data\source\orders_au_cc_au_004_202508.json,15507408249446303862,AUD,2025-08-10 14:24:59.504+10
932c24505f98567aaf8738dabe738881,20250827,20250831,91f0408a61f92f915ac67558b79fc8be,bbc4ee462e9f76716579f1a6c5627b49,14d8e65533f4138bc6edcf9a5e4a97dc,2,7.0,61.06,427.42,427.42,285.8556877537235,ORD_AU_181909,1,user_4014@company.com,PENDING,data\source\orders_au_cc_au_003_202508.json,12432559933320655900,AUD,2025-08-10 14:24:59.504+10
350e26474f8687599f1cb8691398d4dc,20250827,,8f8c5193945cd7cf3287ea3c935d3ddc,bbc4ee462e9f76716579f1a6c5627b49,b002fdf2ed9b8f986a5adcdaca47d83b,2,8.0,221.13,1769.04,1769.04,1183.1223290062399,ORD_AU_215393,10,user_9120@company.com,SUBMITTED,data\source\orders_au_cc_au_005_202508.json,16181666789656822499,AUD,2025-08-10 14:24:59.504+10
4b5ac54f37489f75374282364bffafb6,20250827,,ae3328023c15672e5202871def883d8a,38e87d3db9b9a1d2dbe7321ac29df584,08050882fdd8d3d1b5098035236859e6,2,4.0,324.48,1297.92,1297.92,868.0403683714211,ORD_AU_623063,3,user_7321@company.com,PENDING,data\source\orders_au_cc_au_004_202508.json,1258787842530828312,AUD,2025-08-10 14:24:59.504+10
29ee81819293699f9846ec2a8fa04f51,20250827,,ef87068ac6e5cd01dcca96f0ac205f08,d64e0756aab2ec1bb750fbe1e057b307,c33fccb601bd048e98ca0221d0513a45,1,3.0,137.2,411.59999999999997,615.4366679999999,411.59999999999997,ORD_US_305424,4,user_8485@company.com,SUBMITTED,data\source\orders_us_cc_us_004_202508.json,18031030747335491554,USD,2025-08-10 14:24:59.504+10
cfeb9c336ce96e8764aaf21a1a4482d4,20250827,,d4de6470b90d995178d2494307f639ef,d64e0756aab2ec1bb750fbe1e057b307,b646c84ea74ebbd2ce27e17d75e2b819,1,7.0,465.98,3261.86,4877.2309278,3261.86,ORD_US_597644,8,user_7994@company.com,PENDING,data\source\orders_us_cc_us_003_202508.json,1092795930579862366,USD,2025-08-10 14:24:59.504+10
c394229e0f587eab7f0b2bb0c954f9e0,20250827,,d70ed7a32bdc9dcadee90f6e0dbaf443,38e87d3db9b9a1d2dbe7321ac29df584,e6e3354b3bb843fb345fafb6ce93e951,1,8.0,375.59,3004.72,4492.7474856,3004.72,ORD_US_635439,5,user_8835@company.com,APPROVED,data\source\orders_us_cc_us_002_202508.json,14621797879727497528,USD,2025-08-10 14:24:59.504+10
f0b8e150d75feef4a50ee1f3b2dafa65,20250826,20250830,d4680a0984ad2d62127cc2b5ec019624,d64e0756aab2ec1bb750fbe1e057b307,362f93603b14f190cfa5cceeff63b2e5,2,4.0,44.85,179.4,179.4,116.25706679661883,ORD_AU_253759,7,user_8627@company.com,SUBMITTED,data\source\orders_au_cc_au_002_202508.json,17637077196684465191,AUD,2025-08-10 14:24:59.504+10
f11d4f5460e6e79480fbae791e3e3611,20250826,,91f0408a61f92f915ac67558b79fc8be,2daf87bc3b78cf832431558d684aa808,0dca678de53c67021d3c72a335854e78,2,3.0,105.89,317.67,317.67,205.86054854672187,ORD_AU_611047,3,user_8395@company.com,PENDING,data\source\orders_au_cc_au_003_202508.json,17801699931946185196,AUD,2025-08-10 14:24:59.504+10
e100bf64c70d08b7322780c4d2ee9293,20250826,,d4680a0984ad2d62127cc2b5ec019624,bbc4ee462e9f76716579f1a6c5627b49,545b003f6bac13bcde42827f40560b61,2,3.0,332.05,996.1500000000001,996.1500000000001,645.5377764183493,ORD_AU_974569,9,user_5041@company.com,APPROVED,data\source\orders_au_cc_au_002_202508.json,4052132343847735314,AUD,2025-08-10 14:24:59.504+10
7db7c32992805f1f8d3980d3728b4d8a,20250825,,91f0408a61f92f915ac67558b79fc8be,bbc4ee462e9f76716579f1a6c5627b49,ac4e5210849b355386428f1e4401382a,2,10.0,30.59,305.9,305.9,197.84856661656312,ORD_AU_174308,1,user_9297@company.com,SUBMITTED,data\source\orders_au_cc_au_003_202508.json,11527050827088385976,AUD,2025-08-10 14:24:59.504+10
52b9243cf51ff91b32a4f90de1771516,20250825,,91f0408a61f92f915ac67558b79fc8be,d64e0756aab2ec1bb750fbe1e057b307,362f93603b14f190cfa5cceeff63b2e5,2,4.0,152.85,611.4,611.4,395.43842311005784,ORD_AU_376863,5,user_6679@company.com,APPROVED,data\source\orders_au_cc_au_003_202508.json,1010076856345276052,AUD,2025-08-10 14:24:59.504+10
b25f7da8fea7d0fb59762ee8ec21e5f9,20250825,,d70ed7a32bdc9dcadee90f6e0dbaf443,2daf87bc3b78cf832431558d684aa808,3952f9e49d5a126a3e4a8b216a7c4ac1,1,1.0,423.42,423.42,654.66321144,423.42,ORD_US_183567,9,user_8958@company.com,APPROVED,data\source\orders_us_cc_us_002_202508.json,8971559142225751169,USD,2025-08-10 14:24:59.504+10
cf3cce9488abef154105b513782c569a,20250825,,2f9cd7e07b2c3a542b837e13a2fc83d9,153f4fead6bcb7b8277efee4aed71c31,b01bc4b6eab79ee7291fa015aad30beb,1,1.0,198.16,198.16,306.38151712,198.16,ORD_US_933728,8,user_9393@company.com,APPROVED,data\source\orders_us_cc_us_005_202508.json,12237051403765124286,USD,2025-08-10 14:24:59.504+10
7f2cc2602f819e4c4b6462a7d56d1db4,20250824,20250831,91f0408a61f92f915ac67558b79fc8be,d09e7ca98733633b21e000b80deb3263,872d517c29fd86390bd5247bfc49ab27,2,4.0,240.1,960.4,960.4,637.8593853463694,ORD_AU_935797,6,user_2233@company.com,SUBMITTED,data\source\orders_au_cc_au_003_202508.json,17473509330341155579,AUD,2025-08-10 14:24:59.504+10
514939af5070eebe36b9b01a1aee4ac4,20250824,20250829,d70ed7a32bdc9dcadee90f6e0dbaf443,2daf87bc3b78cf832431558d684aa808,3952f9e49d5a126a3e4a8b216a7c4ac1,1,2.0,166.22,332.44,500.54194284,332.44,ORD_US_498647,1,user_2122@company.com,APPROVED,data\source\orders_us_cc_us_002_202508.json,5936450544926616794,USD,2025-08-10 14:24:59.504+10
92e59677e398c2f7008fbcc46e8b19c7,20250824,20250831,d70ed7a32bdc9dcadee90f6e0dbaf443,d64e0756aab2ec1bb750fbe1e057b307,7dc3e5695fb22c9292eaf00faf9b3a8a,1,4.0,113.01,452.04,680.61899844,452.04,ORD_US_860563,7,user_6869@company.com,APPROVED,data\source\orders_us_cc_us_002_202508.json,17795785605876361167,USD,2025-08-10 14:24:59.504+10
e902c3df74631ef372a8a5f2d2c79976,20250823,,ae3328023c15672e5202871def883d8a,d64e0756aab2ec1bb750fbe1e057b307,9a46757e81ccf82fe0b6c45bff5e1ea5,2,3.0,119.36,358.08,358.08,239.25465440103483,ORD_AU_479249,3,user_5258@company.com,SUBMITTED,data\source\orders_au_cc_au_004_202508.json,17891940472508688322,AUD,2025-08-10 14:24:59.504+10
efdb4192428d233c4f98a6b5cfcfec94,20250823,20250827,d4de6470b90d995178d2494307f639ef,d64e0756aab2ec1bb750fbe1e057b307,c33fccb601bd048e98ca0221d0513a45,1,1.0,356.67,356.67,533.80944216,356.67,ORD_US_686776,1,user_1536@company.com,APPROVED,data\source\orders_us_cc_us_003_202508.json,2636049303511153874,USD,2025-08-10 14:24:59.504+10
9205d623582124c639f2db0c98ec3457,20250823,20250829,2f9cd7e07b2c3a542b837e13a2fc83d9,153f4fead6bcb7b8277efee4aed71c31,b01bc4b6eab79ee7291fa015aad30beb,1,5.0,100.29,501.45000000000005,750.4941396,501.45000000000005,ORD_US_700140,8,user_1417@company.com,APPROVED,data\source\orders_us_cc_us_005_202508.json,9410543728089605270,USD,2025-08-10 14:24:59.504+10
583745dbda97e7e34882d4104c6f3326,20250822,,ae3328023c15672e5202871def883d8a,153f4fead6bcb7b8277efee4aed71c31,89b40904deb88f8684c25d3c11340838,2,8.0,119.37,954.96,954.96,617.50635961197,ORD_AU_552459,5,user_2152@company.com,PENDING,data\source\orders_au_cc_au_004_202508.json,17430465916597579207,AUD,2025-08-10 14:24:59.504+10
7bccf796a89d48f192d434c917f688ec,20250822,20250826,d70ed7a32bdc9dcadee90f6e0dbaf443,2daf87bc3b78cf832431558d684aa808,2d76498279fceb080c8276f555bf5877,1,10.0,99.38,993.8,1536.8898364,993.8,ORD_US_151857,3,user_9478@company.com,SUBMITTED,data\source\orders_us_cc_us_002_202508.json,12438090855545818937,USD,2025-08-10 14:24:59.504+10
a2f166392152f9671e1f0be35fd4cd32,20250822,,62d296563f195530c1c981ff481b07b3,2daf87bc3b78cf832431558d684aa808,0a140f8a70774cc6ca46ee58372c5a3c,1,4.0,162.03,648.12,1002.30332136,648.12,ORD_US_214605,7,user_7002@company.com,SUBMITTED,data\source\orders_us_cc_us_001_202508.json,18115993210603715207,USD,2025-08-10 14:24:59.504+10
6574c3f08e85e692ea3547b269ef050c,20250822,20250827,ef87068ac6e5cd01dcca96f0ac205f08,bbc4ee462e9f76716579f1a6c5627b49,545b003f6bac13bcde42827f40560b61,1,4.0,93.01,372.04,575.3516751200001,372.04,ORD_US_510114,3,user_4390@company.com,PENDING,data\source\orders_us_cc_us_004_202508.json,8593507938213879849,USD,2025-08-10 14:24:59.504+10
eed6e157e3a68da47ad0e5cd5746d487,20250822,20250831,d4de6470b90d995178d2494307f639ef,153f4fead6bcb7b8277efee4aed71c31,b01bc4b6eab79ee7291fa015aad30beb,1,5.0,483.36,2416.8,3737.5280304000003,2416.8,ORD_US_539143,3,user_6050@company.com,SUBMITTED,data\source\orders_us_cc_us_003_202508.json,14749313933845204326,USD,2025-08-10 14:24:59.504+10
3f61faa29b795a81d75e2702c8df2123,20250822,20250830,2f9cd7e07b2c3a542b837e13a2fc83d9,2daf87bc3b78cf832431558d684aa808,fc0d38e46b4443f94954594b391adb75,1,8.0,293.33,2346.64,3629.02713392,2346.64,ORD_US_768093,2,user_7540@company.com,SUBMITTED,data\source\orders_us_cc_us_005_202508.json,986043969258312256,USD,2025-08-10 14:24:59.504+10
f70d8b856963d5fd89ab79891a8ee97a,20250822,20250831,d70ed7a32bdc9dcadee90f6e0dbaf443,d09e7ca98733633b21e000b80deb3263,83126802147492a03a46ffe25a26e53f,1,3.0,148.34,445.02,688.2136395599999,445.02,ORD_US_905820,8,user_4209@company.com,SUBMITTED,data\source\orders_us_cc_us_002_202508.json,14458814808501609740,USD,2025-08-10 14:24:59.504+10
62f3ed1a6933ce3dc7d78b7856cf9e48,20250821,,d4680a0984ad2d62127cc2b5ec019624,38e87d3db9b9a1d2dbe7321ac29df584,e6e3354b3bb843fb345fafb6ce93e951,2,3.0,13.63,40.89,40.89,27.410281436355056,ORD_AU_324653,2,user_2585@company.com,APPROVED,data\source\orders_au_cc_au_002_202508.json,3173045057962611002,AUD,2025-08-10 14:24:59.504+10
33136fe88b1d9fd6f3c25ff7a0011763,20250820,20250829,ae3328023c15672e5202871def883d8a,bbc4ee462e9f76716579f1a6c5627b49,b002fdf2ed9b8f986a5adcdaca47d83b,2,12.0,243.03,2916.36,2916.36,1922.4205270183418,ORD_AU_139104,10,user_9712@company.com,SUBMITTED,data\source\orders_au_cc_au_004_202508.json,13403789666431029340,AUD,2025-08-10 14:24:59.504+10
40ea7be50107c9739cfb98f20583cec9,20250820,20250828,d4680a0984ad2d62127cc2b5ec019624,d64e0756aab2ec1bb750fbe1e057b307,b646c84ea74ebbd2ce27e17d75e2b819,2,1.0,330.6,330.6,330.6,217.92653384090573,ORD_AU_313010,9,user_6556@company.com,APPROVED,data\source\orders_au_cc_au_002_202508.json,2465207740142329704,AUD,2025-08-10 14:24:59.504+10
d50e9396387c380f77f4d44a01c100f8,20250820,20250830,2f9cd7e07b2c3a542b837e13a2fc83d9,bbc4ee462e9f76716579f1a6c5627b49,b002fdf2ed9b8f986a5adcdaca47d83b,1,9.0,247.86,2230.7400000000002,3384.0883485000004,2230.7400000000002,ORD_US_836741,9,user_5195@company.com,SUBMITTED,data\source\orders_us_cc_us_005_202508.json,4232744348445486914,USD,2025-08-10 14:24:59.504+10
b60c5b8c69451e258a1f07179a8b1690,20250819,,c977754b89e8dc8ba17cdeaa23d38ae7,2daf87bc3b78cf832431558d684aa808,3952f9e49d5a126a3e4a8b216a7c4ac1,2,2.0,96.08,192.16,192.16,124.5191052198103,ORD_AU_601493,2,user_1903@company.com,PENDING,data\source\orders_au_cc_au_001_202508.json,7511974662851253878,AUD,2025-08-10 14:24:59.504+10
3f790073fe2174e3fd88ef41c617c8e9,20250819,20250828,8f8c5193945cd7cf3287ea3c935d3ddc,38e87d3db9b9a1d2dbe7321ac29df584,08050882fdd8d3d1b5098035236859e6,2,4.0,412.55,1650.2,1650.2,1069.324663997351,ORD_AU_898998,2,user_3678@company.com,SUBMITTED,data\source\orders_au_cc_au_005_202508.json,9800190773646743465,AUD,2025-08-10 14:24:59.504+10
808d2c1a49d1d83f3ce04227e9904c2e,20250819,20250823,d70ed7a32bdc9dcadee90f6e0dbaf443,d09e7ca98733633b21e000b80deb3263,ef040431c412d76a8d54d6f256a49b09,1,3.0,234.58,703.74,1086.02353158,703.74,ORD_US_449208,1,user_9993@company.com,APPROVED,data\source\orders_us_cc_us_002_202508.json,8711157264063832320,USD,2025-08-10 14:24:59.504+10
2f90a240785eeb8beda81cc56dca9f02,20250818,20250825,91f0408a61f92f915ac67558b79fc8be,d09e7ca98733633b21e000b80deb3263,c7ce8e91f8a0069a94842b91867b046f,2,2.0,462.21,924.42,924.42,597.8429228221145,ORD_AU_363978,8,user_3993@company.com,APPROVED,data\source\orders_au_cc_au_003_202508.json,9616384794921615453,AUD,2025-08-10 14:24:59.504+10
ef855dcc672891329c5e59c5b14eff46,20250818,20250821,91f0408a61f92f915ac67558b79fc8be,2daf87bc3b78cf832431558d684aa808,3952f9e49d5a126a3e4a8b216a7c4ac1,2,3.0,153.8,461.40000000000003,461.40000000000003,298.39761644071274,ORD_AU_733327,1,user_1337@company.com,PENDING,data\source\orders_au_cc_au_003_202508.json,9815265814684446337,AUD,2025-08-10 14:24:59.504+10
97151872eb639b84ce104eaa1262ea5a,20250818,20250825,d4680a0984ad2d62127cc2b5ec019624,d64e0756aab2ec1bb750fbe1e057b307,7da598bcf0c556d64707a92b63efee08,2,15.0,251.98,3779.7,3779.7,2444.415844952236,ORD_AU_741279,6,user_8489@company.com,PENDING,data\source\orders_au_cc_au_002_202508.json,18078252222608972064,AUD,2025-08-10 14:24:59.504+10
c6492a513947cf44d75f73ed67c3cb49,20250818,20250822,91f0408a61f92f915ac67558b79fc8be,2daf87bc3b78cf832431558d684aa808,0dca678de53c67021d3c72a335854e78,2,2.0,443.3,886.6,886.6,573.3838897623232,ORD_AU_925739,8,user_3755@company.com,APPROVED,data\source\orders_au_cc_au_003_202508.json,7904391349595628236,AUD,2025-08-10 14:24:59.504+10
67daf4c8373a9cdc8ab74bc9cdac0b53,20250818,,62d296563f195530c1c981ff481b07b3,2daf87bc3b78cf832431558d684aa808,0dca678de53c67021d3c72a335854e78,1,2.0,137.3,274.6,424.60272140000006,274.6,ORD_US_277462,8,user_8120@company.com,PENDING,data\source\orders_us_cc_us_001_202508.json,10309918187919703753,USD,2025-08-10 14:24:59.504+10
4a62d0e122bf26fad52fd738c2966e87,20250818,20250828,d70ed7a32bdc9dcadee90f6e0dbaf443,d64e0756aab2ec1bb750fbe1e057b307,b646c84ea74ebbd2ce27e17d75e2b819,1,3.0,236.2,708.5999999999999,1095.6791274,708.5999999999999,ORD_US_475365,9,user_7273@company.com,APPROVED,data\source\orders_us_cc_us_002_202508.json,8054764300025509734,USD,2025-08-10 14:24:59.504+10
243e060f0fac0fecb0d879bca228a8c0,20250818,20250828,d4de6470b90d995178d2494307f639ef,bbc4ee462e9f76716579f1a6c5627b49,545b003f6bac13bcde42827f40560b61,1,1.0,326.25,326.25,504.46699875,326.25,ORD_US_585122,5,user_7858@company.com,SUBMITTED,data\source\orders_us_cc_us_003_202508.json,15034863118495380466,USD,2025-08-10 14:24:59.504+10
eeda2d43dcbddc77dcb2ccf2c1c830e6,20250818,20250830,2f9cd7e07b2c3a542b837e13a2fc83d9,2daf87bc3b78cf832431558d684aa808,2a71cd7e3b9c19d2d3196dbb88037416,1,6.0,122.93,737.58,1140.48971322,737.58,ORD_US_752585,7,user_6068@company.com,SUBMITTED,data\source\orders_us_cc_us_005_202508.json,18066760617327266511,USD,2025-08-10 14:24:59.504+10
2f40a342a493c0e89d82dc513003c476,20250818,20250830,d70ed7a32bdc9dcadee90f6e0dbaf443,2daf87bc3b78cf832431558d684aa808,3952f9e49d5a126a3e4a8b216a7c4ac1,1,5.0,195.31,976.55,1509.99922645,976.55,ORD_US_870449,8,user_5531@company.com,SUBMITTED,data\source\orders_us_cc_us_002_202508.json,11989857804444728829,USD,2025-08-10 14:24:59.504+10
7a32d9233d82dd725c43de2953811a3a,20250818,20250823,d70ed7a32bdc9dcadee90f6e0dbaf443,153f4fead6bcb7b8277efee4aed71c31,83126802147492a03a46ffe25a26e53f,1,3.0,369.14,1107.42,1712.35814178,1107.42,ORD_US_889097,8,user_7050@company.com,SUBMITTED,data\source\orders_us_cc_us_002_202508.json,7925881031338723049,USD,2025-08-10 14:24:59.504+10
fae7699ddb7a3cbabc16d9e693c95096,20250818,20250831,d4de6470b90d995178d2494307f639ef,bbc4ee462e9f76716579f1a6c5627b49,89b40904deb88f8684c25d3c11340838,1,2.0,391.18,782.36,1209.73119124,782.36,ORD_US_915431,1,user_2474@company.com,APPROVED,data\source\orders_us_cc_us_003_202508.json,3951359920112921496,USD,2025-08-10 14:24:59.504+10
d09800430a5e943854dddd878bb15899,20250817,20250826,8f8c5193945cd7cf3287ea3c935d3ddc,bbc4ee462e9f76716579f1a6c5627b49,9a46757e81ccf82fe0b6c45bff5e1ea5,2,1.0,132.57,132.57,132.57,87.4520751809467,ORD_AU_501406,7,user_4388@company.com,APPROVED,data\source\orders_au_cc_au_005_202508.json,16083650013166739585,AUD,2025-08-10 14:24:59.504+10
497cef890fb674627d64616d142c3744,20250817,20250831,c977754b89e8dc8ba17cdeaa23d38ae7,153f4fead6bcb7b8277efee4aed71c31,b01bc4b6eab79ee7291fa015aad30beb,2,3.0,178.8,536.4000000000001,536.4000000000001,353.84546373281904,ORD_AU_605944,9,user_5294@company.com,SUBMITTED,data\source\orders_au_cc_au_001_202508.json,3632812217414336778,AUD,2025-08-10 14:24:59.504+10
aad626085dad7e35d1e9a82b39815068,20250817,20250827,91f0408a61f92f915ac67558b79fc8be,d64e0756aab2ec1bb750fbe1e057b307,c33fccb601bd048e98ca0221d0513a45,2,8.0,231.49,1851.92,1851.92,1221.6508038703992,ORD_AU_820249,4,user_7123@company.com,SUBMITTED,data\source\orders_au_cc_au_003_202508.json,15579717854448740009,AUD,2025-08-10 14:24:59.504+10
b6c67103a055d986a6e15b9362632902,20250817,20250825,c977754b89e8dc8ba17cdeaa23d38ae7,38e87d3db9b9a1d2dbe7321ac29df584,e6e3354b3bb843fb345fafb6ce93e951,2,5.0,340.28,1701.3999999999999,1701.3999999999999,1122.3577031972748,ORD_AU_856399,4,user_3725@company.com,APPROVED,data\source\orders_au_cc_au_001_202508.json,9415277261272706188,AUD,2025-08-10 14:24:59.504+10
c3cfa248cd26b4d7ab750b70a0d20216,20250817,20250821,62d296563f195530c1c981ff481b07b3,2daf87bc3b78cf832431558d684aa808,3952f9e49d5a126a3e4a8b216a7c4ac1,1,2.0,430.08,860.16,1303.93030656,860.16,ORD_US_488555,2,user_5392@company.com,SUBMITTED,data\source\orders_us_cc_us_001_202508.json,8594518086399708102,USD,2025-08-10 14:24:59.504+10
7fead57a7badc8d8980e030efaa03c34,20250817,20250831,d4de6470b90d995178d2494307f639ef,38e87d3db9b9a1d2dbe7321ac29df584,08050882fdd8d3d1b5098035236859e6,1,4.0,388.86,1555.44,2357.9163830400003,1555.44,ORD_US_507245,4,user_3009@company.com,PENDING,data\source\orders_us_cc_us_003_202508.json,4958079476889255546,USD,2025-08-10 14:24:59.504+10
19e17f77d2c6d2facbeb678bb8cd062c,20250816,20250826,2f9cd7e07b2c3a542b837e13a2fc83d9,153f4fead6bcb7b8277efee4aed71c31,0cbeeb2bf9183870f6859a7a8e69349e,1,2.0,394.95,789.9,1183.2986363999999,789.9,ORD_US_770120,6,user_2855@company.com,SUBMITTED,data\source\orders_us_cc_us_005_202508.json,16300856266476690418,USD,2025-08-10 14:24:59.504+10
60c2f1ab69879c00213db4dfa2b904c9,20250816,20250822,d70ed7a32bdc9dcadee90f6e0dbaf443,153f4fead6bcb7b8277efee4aed71c31,7df3f81f0069cc35c619759daa7ffb4d,1,6.0,246.79,1480.74,2218.20182664,1480.74,ORD_US_991695,4,user_5445@company.com,APPROVED,data\source\orders_us_cc_us_002_202508.json,5022395277218747504,USD,2025-08-10 14:24:59.504+10
083360e28191715b3509b90e9543d2c1,20250815,20250818,91f0408a61f92f915ac67558b79fc8be,153f4fead6bcb7b8277efee4aed71c31,f3f79b4a7f54b4fa78bc9df0fe660411,2,5.0,460.26,2301.3,2301.3,1503.7245164662834,ORD_AU_426601,3,user_6417@company.com,SUBMITTED,data\source\orders_au_cc_au_003_202508.json,5748557049210472183,AUD,2025-08-10 14:24:59.504+10
539d08a5b975f8d7b31736a59437ee05,20250815,20250819,d4680a0984ad2d62127cc2b5ec019624,153f4fead6bcb7b8277efee4aed71c31,0cbeeb2bf9183870f6859a7a8e69349e,2,6.0,433.07,2598.42,2598.42,1697.8698379508626,ORD_AU_571714,4,user_2623@company.com,PENDING,data\source\orders_au_cc_au_002_202508.json,2503046288785539902,AUD,2025-08-10 14:24:59.504+10
57fba9a23a697e2656fc703827ce8dd2,20250815,20250829,91f0408a61f92f915ac67558b79fc8be,d64e0756aab2ec1bb750fbe1e057b307,c33fccb601bd048e98ca0221d0513a45,2,3.0,321.43,964.29,964.29,630.0901725039205,ORD_AU_735682,10,user_3117@company.com,SUBMITTED,data\source\orders_au_cc_au_003_202508.json,8328313578852501034,AUD,2025-08-10 14:24:59.504+10
4d8df363788d36946e6def710d73c014,20250815,20250820,ef87068ac6e5cd01dcca96f0ac205f08,2daf87bc3b78cf832431558d684aa808,0dca678de53c67021d3c72a335854e78,1,5.0,154.27,771.35,1180.47404,771.35,ORD_US_509209,10,user_6134@company.com,SUBMITTED,data\source\orders_us_cc_us_004_202508.json,3761689932156407711,USD,2025-08-10 14:24:59.504+10
9e666f5b9fcb15f1a283117fa45ad441,20250815,20250820,ef87068ac6e5cd01dcca96f0ac205f08,38e87d3db9b9a1d2dbe7321ac29df584,08050882fdd8d3d1b5098035236859e6,1,3.0,189.01,567.03,867.782712,567.03,ORD_US_831557,4,user_1310@company.com,APPROVED,data\source\orders_us_cc_us_004_202508.json,4004174229573320133,USD,2025-08-10 14:24:59.504+10
eefcaecd7d09ab18f3ec88e547d60da7,20250814,20250826,c977754b89e8dc8ba17cdeaa23d38ae7,d64e0756aab2ec1bb750fbe1e057b307,0cbeeb2bf9183870f6859a7a8e69349e,2,1.0,266.94,266.94,266.94,175.4172682246608,ORD_AU_331428,10,user_4262@company.com,SUBMITTED,data\source\orders_au_cc_au_001_202508.json,4353786072604319346,AUD,2025-08-10 14:24:59.504+10
2026ff09d4593bb83abfe254c90bf283,20250814,20250817,d70ed7a32bdc9dcadee90f6e0dbaf443,bbc4ee462e9f76716579f1a6c5627b49,9a46757e81ccf82fe0b6c45bff5e1ea5,1,3.0,120.71,362.13,551.06879259,362.13,ORD_US_617352,10,user_8514@company.com,PENDING,data\source\orders_us_cc_us_002_202508.json,6171106874331631573,USD,2025-08-10 14:24:59.504+10
5f7c1ab334352303dd106a1afb9dfd9a,20250813,20250818,8f8c5193945cd7cf3287ea3c935d3ddc,38e87d3db9b9a1d2dbe7321ac29df584,872d517c29fd86390bd5247bfc49ab27,2,1.0,343.78,343.78,343.78,226.5599308286394,ORD_AU_543094,1,user_2194@company.com,APPROVED,data\source\orders_au_cc_au_005_202508.json,12740374189297116227,AUD,2025-08-10 14:24:59.504+10
452b2cd5e6d4401a6ae51204751bf157,20250813,20250826,62d296563f195530c1c981ff481b07b3,38e87d3db9b9a1d2dbe7321ac29df584,872d517c29fd86390bd5247bfc49ab27,1,2.0,296.47,592.94,899.7218195400001,592.94,ORD_US_228972,3,user_7765@company.com,PENDING,data\source\orders_us_cc_us_001_202508.json,16169848376599526918,USD,2025-08-10 14:24:59.504+10
7d2398a9cff73859e5fccbbba174d7e1,20250812,20250821,ef87068ac6e5cd01dcca96f0ac205f08,bbc4ee462e9f76716579f1a6c5627b49,89b40904deb88f8684c25d3c11340838,1,2.0,208.61,417.22,630.24669092,417.22,ORD_US_247611,6,user_5482@company.com,APPROVED,data\source\orders_us_cc_us_004_202508.json,1541250294098491566,USD,2025-08-10 14:24:59.504+10
6ae3d1674c774da1d69c287d50390d1a,20250812,20250826,62d296563f195530c1c981ff481b07b3,d64e0756aab2ec1bb750fbe1e057b307,7da598bcf0c556d64707a92b63efee08,1,4.0,116.6,466.4,704.5373103999999,466.4,ORD_US_591028,3,user_2760@company.com,APPROVED,data\source\orders_us_cc_us_001_202508.json,9912596323235415522,USD,2025-08-10 14:24:59.504+10
96f8b8031712e53396c7ddddfff29ef9,20250812,20250822,2f9cd7e07b2c3a542b837e13a2fc83d9,d64e0756aab2ec1bb750fbe1e057b307,0bfcbb8d4ab95c0157ec3f085bf248bc,1,5.0,45.39,226.95,342.8274927,226.95,ORD_US_644123,8,user_6058@company.com,SUBMITTED,data\source\orders_us_cc_us_005_202508.json,17304640384210311496,USD,2025-08-10 14:24:59.504+10
97e91068b6d9384476044cfee73ff04d,20250812,20250824,2f9cd7e07b2c3a542b837e13a2fc83d9,d64e0756aab2ec1bb750fbe1e057b307,0cbeeb2bf9183870f6859a7a8e69349e,1,5.0,74.56,372.8,563.1464608,372.8,ORD_US_751110,2,user_4509@company.com,PENDING,data\source\orders_us_cc_us_005_202508.json,6591080511593910174,USD,2025-08-10 14:24:59.504+10
a9da2d5e7493d5bd979b132bfbf6c0c4,20250812,20250818,d70ed7a32bdc9dcadee90f6e0dbaf443,d09e7ca98733633b21e000b80deb3263,80d5a28f2fcf06e9e1049a79cc965eb2,1,2.0,302.38,604.76,913.54198936,604.76,ORD_US_818096,10,user_1451@company.com,PENDING,data\source\orders_us_cc_us_002_202508.json,1597551315108538009,USD,2025-08-10 14:24:59.504+10
ace6b89cb655ea9bbe824de2b65e89a9,20250812,20250816,62d296563f195530c1c981ff481b07b3,bbc4ee462e9f76716579f1a6c5627b49,89b40904deb88f8684c25d3c11340838,1,2.0,351.86,703.72,1063.02957992,703.72,ORD_US_879230,5,user_4532@company.com,APPROVED,data\source\orders_us_cc_us_001_202508.json,13352986193466224256,USD,2025-08-10 14:24:59.504+10
4b23b3fcc7de441f369313676f645336,20250811,20250819,8f8c5193945cd7cf3287ea3c935d3ddc,d09e7ca98733633b21e000b80deb3263,c7ce8e91f8a0069a94842b91867b046f,2,2.0,385.93,771.86,771.86,511.494816530906,ORD_AU_762734,8,user_6451@company.com,PENDING,data\source\orders_au_cc_au_005_202508.json,6896105033484685642,AUD,2025-08-10 14:24:59.504+10
b1f9effd9bb515c0459add0b39dbeea7,20250811,20250825,d70ed7a32bdc9dcadee90f6e0dbaf443,d64e0756aab2ec1bb750fbe1e057b307,7da598bcf0c556d64707a92b63efee08,1,10.0,47.56,475.6,717.6937168000001,475.6,ORD_US_765054,9,user_4590@company.com,SUBMITTED,data\source\orders_us_cc_us_002_202508.json,12461464095665149661,USD,2025-08-10 14:24:59.504+10
8894a09fdcf1b1445ee28932cb520aa7,20250810,20250819,ef87068ac6e5cd01dcca96f0ac205f08,d09e7ca98733633b21e000b80deb3263,872d517c29fd86390bd5247bfc49ab27,1,5.0,67.31,336.55,511.1238698,336.55,ORD_US_578277,4,user_6183@company.com,SUBMITTED,data\source\orders_us_cc_us_004_202508.json,11804869328382421510,USD,2025-08-10 14:24:59.504+10
ca0eef999a1ff52c86b3872895c5bafb,20250809,20250822,d4680a0984ad2d62127cc2b5ec019624,d64e0756aab2ec1bb750fbe1e057b307,b646c84ea74ebbd2ce27e17d75e2b819,2,3.0,155.33,465.99,465.99,310.73354027119757,ORD_AU_266283,5,user_7371@company.com,SUBMITTED,data\source\orders_au_cc_au_002_202508.json,17290173080225224477,AUD,2025-08-10 14:24:59.504+10
ce6bad1fd30de79a7f0e6ef5cdfcea30,20250809,20250820,ae3328023c15672e5202871def883d8a,bbc4ee462e9f76716579f1a6c5627b49,545b003f6bac13bcde42827f40560b61,2,9.0,464.41,4179.6900000000005,4179.6900000000005,2787.119618309667,ORD_AU_321242,6,user_5961@company.com,SUBMITTED,data\source\orders_au_cc_au_004_202508.json,16722769209934457579,AUD,2025-08-10 14:24:59.504+10
a38a09d4d8466bbde348756fb0b69b10,20250809,20250815,d4680a0984ad2d62127cc2b5ec019624,2daf87bc3b78cf832431558d684aa808,2d76498279fceb080c8276f555bf5877,2,1.0,346.59,346.59,346.59,231.11469714499097,ORD_AU_842537,7,user_9471@company.com,APPROVED,data\source\orders_au_cc_au_002_202508.json,460586699878496386,AUD,2025-08-10 14:24:59.504+10
d337f519aad5192bd77ca9195b19971c,20250809,20250815,62d296563f195530c1c981ff481b07b3,38e87d3db9b9a1d2dbe7321ac29df584,9a46757e81ccf82fe0b6c45bff5e1ea5,1,5.0,62.91,314.54999999999995,471.7133347499999,314.54999999999995,ORD_US_372267,7,user_4091@company.com,SUBMITTED,data\source\orders_us_cc_us_001_202508.json,3562832978611393215,USD,2025-08-10 14:24:59.504+10
7c42040c3f205886cf0dd72a458c0056,20250809,20250820,2f9cd7e07b2c3a542b837e13a2fc83d9,2daf87bc3b78cf832431558d684aa808,872d517c29fd86390bd5247bfc49ab27,1,4.0,109.13,436.52,654.6250353999999,436.52,ORD_US_428562,9,user_5945@company.com,APPROVED,data\source\orders_us_cc_us_005_202508.json,682110661344286545,USD,2025-08-10 14:24:59.504+10
1b95e832b78eaab9af8f256b2c12514a,20250809,20250819,d4de6470b90d995178d2494307f639ef,153f4fead6bcb7b8277efee4aed71c31,b01bc4b6eab79ee7291fa015aad30beb,1,1.0,12.63,12.63,18.94051635,12.63,ORD_US_437849,2,user_9101@company.com,PENDING,data\source\orders_us_cc_us_003_202508.json,5286546535163241249,USD,2025-08-10 14:24:59.504+10
c15b662da568be519cca001bafc6b6b1,20250809,20250820,62d296563f195530c1c981ff481b07b3,2daf87bc3b78cf832431558d684aa808,0dca678de53c67021d3c72a335854e78,1,5.0,319.91,1599.5500000000002,2398.75715975,1599.5500000000002,ORD_US_738997,8,user_4088@company.com,APPROVED,data\source\orders_us_cc_us_001_202508.json,378343776118163295,USD,2025-08-10 14:24:59.504+10
2b7757514386d9104af4f5b8a3bb9cb4,20250809,20250816,d70ed7a32bdc9dcadee90f6e0dbaf443,38e87d3db9b9a1d2dbe7321ac29df584,3ded3ecb03c8b86699f13fc1a03aea2a,1,3.0,494.01,1482.03,2222.5188793499997,1482.03,ORD_US_965326,2,user_1294@company.com,SUBMITTED,data\source\orders_us_cc_us_002_202508.json,15391265699412182523,USD,2025-08-10 14:24:59.504+10
24590d17fa7cf3f671a60d676e05db0d,20250808,20250821,ae3328023c15672e5202871def883d8a,bbc4ee462e9f76716579f1a6c5627b49,7c7a81ccb126cde0cd898336089fc5a4,2,9.0,274.89,2474.0099999999998,2474.0099999999998,1647.625371197041,ORD_AU_637653,1,user_6188@company.com,SUBMITTED,data\source\orders_au_cc_au_004_202508.json,12609780210488928185,AUD,2025-08-10 14:24:59.504+10
ba0f1b8b9fa0ef23a69fa6a060156f57,20250808,20250812,2f9cd7e07b2c3a542b837e13a2fc83d9,38e87d3db9b9a1d2dbe7321ac29df584,9a46757e81ccf82fe0b6c45bff5e1ea5,1,7.0,427.96,2995.72,4498.256318919999,2995.72,ORD_US_307480,1,user_8671@company.com,PENDING,data\source\orders_us_cc_us_005_202508.json,540889687295639611,USD,2025-08-10 14:24:59.504+10
ec0005fe649d9c4956349e11c9801adf,20250808,20250811,d70ed7a32bdc9dcadee90f6e0dbaf443,153f4fead6bcb7b8277efee4aed71c31,7cfddf51e4cfc7425c9fca8f4049bcbb,1,9.0,299.05,2691.4500000000003,4041.3763534500004,2691.4500000000003,ORD_US_926702,4,user_1457@company.com,APPROVED,data\source\orders_us_cc_us_002_202508.json,14029597511438917047,USD,2025-08-10 14:24:59.504+10
d58401aade80c54045d75244dc7aa0bd,20250807,20250819,91f0408a61f92f915ac67558b79fc8be,d09e7ca98733633b21e000b80deb3263,c7ce8e91f8a0069a94842b91867b046f,2,8.0,217.41,1739.28,1739.28,1144.8627044162602,ORD_AU_643207,10,user_1698@company.com,PENDING,data\source\orders_au_cc_au_003_202508.json,6845709605732676505,AUD,2025-08-10 14:24:59.504+10
372ef3e830b970e4bf27b0d1242c48dc,20250807,20250812,91f0408a61f92f915ac67558b79fc8be,153f4fead6bcb7b8277efee4aed71c31,83126802147492a03a46ffe25a26e53f,2,6.0,490.63,2943.7799999999997,2943.7799999999997,1937.7121176616174,ORD_AU_726851,1,user_5722@company.com,PENDING,data\source\orders_au_cc_au_003_202508.json,4246900672667627775,AUD,2025-08-10 14:24:59.504+10
54a75a1fb6966a27016a8b86fd7e086b,20250807,20250818,ef87068ac6e5cd01dcca96f0ac205f08,bbc4ee462e9f76716579f1a6c5627b49,ac4e5210849b355386428f1e4401382a,1,9.0,487.71,4389.389999999999,6668.378845559999,4389.389999999999,ORD_US_459677,5,user_5682@company.com,APPROVED,data\source\orders_us_cc_us_004_202508.json,2807678794321597347,USD,2025-08-10 14:24:59.504+10
a595d56d4ded6ca311685d7cb1e40d10,20250807,20250812,d70ed7a32bdc9dcadee90f6e0dbaf443,bbc4ee462e9f76716579f1a6c5627b49,ac4e5210849b355386428f1e4401382a,1,12.0,111.0,1332.0,2023.579728,1332.0,ORD_US_619222,4,user_1634@company.com,SUBMITTED,data\source\orders_us_cc_us_002_202508.json,9430544595638122147,USD,2025-08-10 14:24:59.504+10
8565c1344cfe22ec6897abb60ed400f0,20250807,20250816,ef87068ac6e5cd01dcca96f0ac205f08,38e87d3db9b9a1d2dbe7321ac29df584,9a46757e81ccf82fe0b6c45bff5e1ea5,1,5.0,414.79,2073.9500000000003,3150.7531358000006,2073.9500000000003,ORD_US_862267,5,user_6172@company.com,SUBMITTED,data\source\orders_us_cc_us_004_202508.json,13371320418176292728,USD,2025-08-10 14:24:59.504+10
7a365d0c20b4d1a170806bc56256eb00,20250806,20250817,c977754b89e8dc8ba17cdeaa23d38ae7,bbc4ee462e9f76716579f1a6c5627b49,7c7a81ccb126cde0cd898336089fc5a4,2,6.0,219.01,1314.06,1314.06,877.4509411133103,ORD_AU_349315,4,user_1586@company.com,PENDING,data\source\orders_au_cc_au_001_202508.json,877391017893690760,AUD,2025-08-10 14:24:59.504+10
34f762051ee92d085ceaeb3e91ff35cd,20250806,20250820,ae3328023c15672e5202871def883d8a,d09e7ca98733633b21e000b80deb3263,83126802147492a03a46ffe25a26e53f,2,2.0,449.42,898.84,898.84,600.1917750409325,ORD_AU_841078,7,user_7344@company.com,SUBMITTED,data\source\orders_au_cc_au_004_202508.json,1633735463520045138,AUD,2025-08-10 14:24:59.504+10
7b64e4ba968ff8f4b125a7fa81484daa,20250806,20250819,62d296563f195530c1c981ff481b07b3,153f4fead6bcb7b8277efee4aed71c31,83126802147492a03a46ffe25a26e53f,1,4.0,197.36,789.44,1182.25587072,789.44,ORD_US_153646,1,user_7671@company.com,SUBMITTED,data\source\orders_us_cc_us_001_202508.json,2274117288890610823,USD,2025-08-10 14:24:59.504+10
a9e298b49951c2be474f15dc7e27e1e6,20250806,20250820,d4de6470b90d995178d2494307f639ef,d09e7ca98733633b21e000b80deb3263,872d517c29fd86390bd5247bfc49ab27,1,9.0,403.42,3630.78,5437.41255864,3630.78,ORD_US_754188,3,user_1552@company.com,SUBMITTED,data\source\orders_us_cc_us_003_202508.json,314590439407388504,USD,2025-08-10 14:24:59.504+10
e3f30e9f704c31ff6cf3fac25655c81b,20250806,20250810,d70ed7a32bdc9dcadee90f6e0dbaf443,2daf87bc3b78cf832431558d684aa808,0dca678de53c67021d3c72a335854e78,1,3.0,190.69,572.0699999999999,856.7251671599998,572.0699999999999,ORD_US_983334,4,user_2844@company.com,PENDING,data\source\orders_us_cc_us_002_202508.json,15416768368613218253,USD,2025-08-10 14:24:59.504+10
df01652d316aaf3999b335c0eb453995,20250805,20250816,ae3328023c15672e5202871def883d8a,153f4fead6bcb7b8277efee4aed71c31,aaadecf37a9a65410c8c9cb0534dcf54,2,3.0,246.34,739.02,739.02,491.81375204473187,ORD_AU_500129,8,user_4958@company.com,PENDING,data\source\orders_au_cc_au_004_202508.json,8162752015020077224,AUD,2025-08-10 14:24:59.504+10
46a622a7db6cfaa7e7709b01a276d3d7,20250805,20250819,c977754b89e8dc8ba17cdeaa23d38ae7,d09e7ca98733633b21e000b80deb3263,872d517c29fd86390bd5247bfc49ab27,2,6.0,351.48,2108.88,2108.88,1403.4480601500557,ORD_AU_776419,10,user_3308@company.com,PENDING,data\source\orders_au_cc_au_001_202508.json,13308723842564249467,AUD,2025-08-10 14:24:59.504+10
0149439282aa2f858d6707cef99ef3a7,20250805,20250817,ef87068ac6e5cd01dcca96f0ac205f08,2daf87bc3b78cf832431558d684aa808,0dca678de53c67021d3c72a335854e78,1,3.0,352.13,1056.3899999999999,1587.3759823799999,1056.3899999999999,ORD_US_490538,5,user_3281@company.com,APPROVED,data\source\orders_us_cc_us_004_202508.json,2274080026308199206,USD,2025-08-10 14:24:59.504+10
41855c67d669cda6d30dbd0e65712016,20250804,20250816,d4680a0984ad2d62127cc2b5ec019624,bbc4ee462e9f76716579f1a6c5627b49,9a46757e81ccf82fe0b6c45bff5e1ea5,2,5.0,499.28,2496.3999999999996,2496.3999999999996,1653.2822593356404,ORD_AU_883873,4,user_9631@company.com,APPROVED,data\source\orders_au_cc_au_002_202508.json,17074007516946730741,AUD,2025-08-10 14:24:59.504+10
3eb0138af52ef27977d342ee21c03759,20250804,20250810,c977754b89e8dc8ba17cdeaa23d38ae7,bbc4ee462e9f76716579f1a6c5627b49,89b40904deb88f8684c25d3c11340838,2,5.0,304.56,1522.8,1522.8,1008.4995291284705,ORD_AU_910855,5,user_6807@company.com,SUBMITTED,data\source\orders_au_cc_au_001_202508.json,16741063804173866946,AUD,2025-08-10 14:24:59.504+10
a5b6b2d3246a130d4139b7f478d39f82,20250804,20250814,d70ed7a32bdc9dcadee90f6e0dbaf443,d64e0756aab2ec1bb750fbe1e057b307,b646c84ea74ebbd2ce27e17d75e2b819,1,2.0,442.41,884.82,1336.04811612,884.82,ORD_US_943976,6,user_6355@company.com,APPROVED,data\source\orders_us_cc_us_002_202508.json,8455177800582887887,USD,2025-08-10 14:24:59.504+10
3bb3cb1b85e0bdaa534a93620590019e,20250804,20250813,d4de6470b90d995178d2494307f639ef,bbc4ee462e9f76716579f1a6c5627b49,14d8e65533f4138bc6edcf9a5e4a97dc,1,9.0,368.58,3317.22,5008.889414519999,3317.22,ORD_US_989178,10,user_9554@company.com,APPROVED,data\source\orders_us_cc_us_003_202508.json,672558312108464990,USD,2025-08-10 14:24:59.504+10
bd9f20ef5614e46435862b294b1532b7,20250803,20250817,d4680a0984ad2d62127cc2b5ec019624,38e87d3db9b9a1d2dbe7321ac29df584,2a71cd7e3b9c19d2d3196dbb88037416,2,3.0,357.02,1071.06,1071.06,712.9444420407307,ORD_AU_676043,6,user_5407@company.com,PENDING,data\source\orders_au_cc_au_002_202508.json,7883003568007064517,AUD,2025-08-10 14:24:59.504+10
26c3ff226981116a4aa70e77c1fba32a,20250803,20250814,8f8c5193945cd7cf3287ea3c935d3ddc,bbc4ee462e9f76716579f1a6c5627b49,14d8e65533f4138bc6edcf9a5e4a97dc,2,3.0,210.22,630.66,630.66,419.79491514705734,ORD_AU_820170,1,user_3474@company.com,SUBMITTED,data\source\orders_au_cc_au_005_202508.json,14656435405734218377,AUD,2025-08-10 14:24:59.504+10
762c6968825c8e917e9ee94c666515a8,20250803,20250812,d4de6470b90d995178d2494307f639ef,2daf87bc3b78cf832431558d684aa808,0dca678de53c67021d3c72a335854e78,1,3.0,19.94,59.82000000000001,89.86788510000001,59.82000000000001,ORD_US_627517,3,user_9255@company.com,APPROVED,data\source\orders_us_cc_us_003_202508.json,14561572890859443590,USD,2025-08-10 14:24:59.504+10
9445ed43ef244b6b09171aa9f9cff2be,20250802,20250807,d4680a0984ad2d62127cc2b5ec019624,2daf87bc3b78cf832431558d684aa808,3952f9e49d5a126a3e4a8b216a7c4ac1,2,1.0,19.44,19.44,19.44,12.997997479297815,ORD_AU_229719,3,user_2887@company.com,PENDING,data\source\orders_au_cc_au_002_202508.json,4138762353887499172,AUD,2025-08-10 14:24:59.504+10
7c274ff3a773c753775ddcd67d6d97aa,20250802,20250816,8f8c5193945cd7cf3287ea3c935d3ddc,2daf87bc3b78cf832431558d684aa808,3952f9e49d5a126a3e4a8b216a7c4ac1,2,3.0,305.99,917.97,917.97,613.7742667732003,ORD_AU_262348,9,user_2625@company.com,APPROVED,data\source\orders_au_cc_au_005_202508.json,1575453257612717515,AUD,2025-08-10 14:24:59.504+10
90b3eeec16593fdd0acb2c62e0711326,20250802,20250809,8f8c5193945cd7cf3287ea3c935d3ddc,bbc4ee462e9f76716579f1a6c5627b49,14d8e65533f4138bc6edcf9a5e4a97dc,2,2.0,379.38,758.76,758.76,507.3230744543215,ORD_AU_279931,4,user_4356@company.com,PENDING,data\source\orders_au_cc_au_005_202508.json,3278402556426085129,AUD,2025-08-10 14:24:59.504+10
22edaaf824078265f173f545d26d2c1c,20250802,20250812,c977754b89e8dc8ba17cdeaa23d38ae7,2daf87bc3b78cf832431558d684aa808,3952f9e49d5a126a3e4a8b216a7c4ac1,2,5.0,248.0,1240.0,1240.0,829.0903741938936,ORD_AU_524093,1,user_3763@company.com,PENDING,data\source\orders_au_cc_au_001_202508.json,3264114844522856000,AUD,2025-08-10 14:24:59.504+10
327eeffa0f61eaff86e116eed80d7bc6,20250802,20250805,91f0408a61f92f915ac67558b79fc8be,d64e0756aab2ec1bb750fbe1e057b307,9a46757e81ccf82fe0b6c45bff5e1ea5,2,2.0,342.97,685.94,685.94,458.6340736085156,ORD_AU_776042,4,user_8930@company.com,APPROVED,data\source\orders_au_cc_au_003_202508.json,9924671433258283334,AUD,2025-08-10 14:24:59.504+10
14ea58381d6f912a2ee2341b2ee7de0b,20250802,20250816,ae3328023c15672e5202871def883d8a,2daf87bc3b78cf832431558d684aa808,0dca678de53c67021d3c72a335854e78,2,5.0,52.48,262.4,262.4,175.44622111974004,ORD_AU_836708,8,user_1323@company.com,PENDING,data\source\orders_au_cc_au_004_202508.json,4089724702693955685,AUD,2025-08-10 14:24:59.504+10
6cf61b0fa3e20d13ba97488744cab3f4,20250801,20250808,91f0408a61f92f915ac67558b79fc8be,d09e7ca98733633b21e000b80deb3263,872d517c29fd86390bd5247bfc49ab27,2,2.0,402.97,805.94,805.94,532.8500741814258,ORD_AU_100713,5,user_2164@company.com,APPROVED,data\source\orders_au_cc_au_003_202508.json,14314869737461129560,AUD,2025-08-10 14:24:59.504+10
5553c559d21d9330720bdb270f7b04e6,20250801,20250813,8f8c5193945cd7cf3287ea3c935d3ddc,2daf87bc3b78cf832431558d684aa808,362f93603b14f190cfa5cceeff63b2e5,2,3.0,345.65,1036.9499999999998,1036.9499999999998,685.5831506345751,ORD_AU_145665,10,user_9291@company.com,SUBMITTED,data\source\orders_au_cc_au_005_202508.json,11413194516107446680,AUD,2025-08-10 14:24:59.504+10
dae6d4863044207e21e8a3c3e7dbdc4a,20250801,20250809,91f0408a61f92f915ac67558b79fc8be,bbc4ee462e9f76716579f1a6c5627b49,ac4e5210849b355386428f1e4401382a,2,10.0,177.76,1777.6,1777.6,1175.2665109870493,ORD_AU_520683,8,user_6389@company.com,APPROVED,data\source\orders_au_cc_au_003_202508.json,7140918645822173012,AUD,2025-08-10 14:24:59.504+10
8755ebf79c780e0b2e1791c993b987e9,20250801,20250814,d70ed7a32bdc9dcadee90f6e0dbaf443,bbc4ee462e9f76716579f1a6c5627b49,ac4e5210849b355386428f1e4401382a,1,10.0,316.67,3166.7000000000003,4789.6590836000005,3166.7000000000003,ORD_US_168221,3,user_8342@company.com,SUBMITTED,data\source\orders_us_cc_us_002_202508.json,15649804446918819765,USD,2025-08-10 14:24:59.504+10
f64718947518de684b5b9969bcb145c6,20250801,20250813,2f9cd7e07b2c3a542b837e13a2fc83d9,2daf87bc3b78cf832431558d684aa808,0a140f8a70774cc6ca46ee58372c5a3c,1,10.0,334.8,3348.0,5063.876784,3348.0,ORD_US_729907,7,user_9551@company.com,APPROVED,data\source\orders_us_cc_us_005_202508.json,12685198199331819126,USD,2025-08-10 14:24:59.504+10
a56a51b13dbf3139dc5872898eee3fb1,20250731,20250810,c977754b89e8dc8ba17cdeaa23d38ae7,d64e0756aab2ec1bb750fbe1e057b307,9a46757e81ccf82fe0b6c45bff5e1ea5,2,1.0,188.57,188.57,188.57,122.78875086522538,ORD_AU_272645,6,user_4449@company.com,PENDING,data\source\orders_au_cc_au_001_202508.json,182385443929661645,AUD,2025-08-10 14:24:59.504+10
5a1003fadf4ac0a68e778fec2e30e1c2,20250731,20250804,91f0408a61f92f915ac67558b79fc8be,bbc4ee462e9f76716579f1a6c5627b49,14d8e65533f4138bc6edcf9a5e4a97dc,2,5.0,272.92,1364.6000000000001,1364.6000000000001,888.569387658093,ORD_AU_281773,6,user_9647@company.com,PENDING,data\source\orders_au_cc_au_003_202508.json,725672593076773629,AUD,2025-08-10 14:24:59.504+10
541c8ec6804086bd81854c97cb231766,20250731,20250813,8f8c5193945cd7cf3287ea3c935d3ddc,38e87d3db9b9a1d2dbe7321ac29df584,2a71cd7e3b9c19d2d3196dbb88037416,2,6.0,150.05,900.3000000000001,900.3000000000001,586.2370069680353,ORD_AU_477195,1,user_8133@company.com,APPROVED,data\source\orders_au_cc_au_005_202508.json,10403624411779262056,AUD,2025-08-10 14:24:59.504+10
8e1d5b534c2404977b6c942093ce5e52,20250731,20250804,c977754b89e8dc8ba17cdeaa23d38ae7,2daf87bc3b78cf832431558d684aa808,2d76498279fceb080c8276f555bf5877,2,2.0,222.68,445.36,445.36,289.9994595393582,ORD_AU_875668,8,user_2567@company.com,APPROVED,data\source\orders_au_cc_au_001_202508.json,1421836637942846166,AUD,2025-08-10 14:24:59.504+10
b6e085cea38da1efb5f1ad1ba7f6cec2,20250731,20250807,2f9cd7e07b2c3a542b837e13a2fc83d9,153f4fead6bcb7b8277efee4aed71c31,f3f79b4a7f54b4fa78bc9df0fe660411,1,3.0,262.01,786.03,1207.12749381,786.03,ORD_US_737241,5,user_6272@company.com,PENDING,data\source\orders_us_cc_us_005_202508.json,11544884628431113111,USD,2025-08-10 14:24:59.504+10
e65f0355219789ab99ae8f33191bdc9a,20250730,20250812,ae3328023c15672e5202871def883d8a,38e87d3db9b9a1d2dbe7321ac29df584,9a46757e81ccf82fe0b6c45bff5e1ea5,2,3.0,319.71,959.1299999999999,959.1299999999999,626.5649752576309,ORD_AU_456644,10,user_1283@company.com,SUBMITTED,data\source\orders_au_cc_au_004_202508.json,880183155471807490,AUD,2025-08-10 14:24:59.504+10
5c737289a81e9d1550413bf413fb4cf8,20250730,20250805,91f0408a61f92f915ac67558b79fc8be,2daf87bc3b78cf832431558d684aa808,0dca678de53c67021d3c72a335854e78,2,4.0,399.22,1596.88,1596.88,1043.184008100472,ORD_AU_500577,6,user_2341@company.com,APPROVED,data\source\orders_au_cc_au_003_202508.json,13378404191135059738,AUD,2025-08-10 14:24:59.504+10
83ba101715d0afc779312fc24c731a45,20250730,20250808,ae3328023c15672e5202871def883d8a,d64e0756aab2ec1bb750fbe1e057b307,c33fccb601bd048e98ca0221d0513a45,2,7.0,422.98,2960.86,2960.86,1934.222860969117,ORD_AU_951804,8,user_5508@company.com,SUBMITTED,data\source\orders_au_cc_au_004_202508.json,15640286556822108835,AUD,2025-08-10 14:24:59.504+10
9568a717a83f63234413ed76fd832b87,20250730,20250807,2f9cd7e07b2c3a542b837e13a2fc83d9,d64e0756aab2ec1bb750fbe1e057b307,7da598bcf0c556d64707a92b63efee08,1,4.0,219.37,877.48,1343.224447,877.48,ORD_US_239048,5,user_2509@company.com,SUBMITTED,data\source\orders_us_cc_us_005_202508.json,4186181535174619150,USD,2025-08-10 14:24:59.504+10
f06d88b939d217c51bcf0ae96bf4eb80,20250729,20250811,ae3328023c15672e5202871def883d8a,d64e0756aab2ec1bb750fbe1e057b307,362f93603b14f190cfa5cceeff63b2e5,2,2.0,145.4,290.8,290.8,193.42681409142278,ORD_AU_406605,4,user_6907@company.com,APPROVED,data\source\orders_au_cc_au_004_202508.json,7819278766571990234,AUD,2025-08-10 14:24:59.504+10
5f49ed172cb55c88791c811a421d36f2,20250729,20250804,d4de6470b90d995178d2494307f639ef,bbc4ee462e9f76716579f1a6c5627b49,545b003f6bac13bcde42827f40560b61,1,3.0,36.31,108.93,163.76656023,108.93,ORD_US_894940,5,user_5424@company.com,APPROVED,data\source\orders_us_cc_us_003_202508.json,13959399567933848401,USD,2025-08-10 14:24:59.504+10
fe94804eca9e16a56823fadbb9d655e1,20250728,20250806,8f8c5193945cd7cf3287ea3c935d3ddc,38e87d3db9b9a1d2dbe7321ac29df584,08050882fdd8d3d1b5098035236859e6,2,7.0,455.82,3190.74,3190.74,2063.8533619747855,ORD_AU_462004,2,user_1532@company.com,PENDING,data\source\orders_au_cc_au_005_202508.json,3253409840334603032,AUD,2025-08-10 14:24:59.504+10
7e4a63f3c0d1cc9c2ebcc29fa0091341,20250728,20250809,91f0408a61f92f915ac67558b79fc8be,2daf87bc3b78cf832431558d684aa808,2d76498279fceb080c8276f555bf5877,2,4.0,280.48,1121.92,1121.92,725.68694530634,ORD_AU_580632,2,user_7179@company.com,PENDING,data\source\orders_au_cc_au_003_202508.json,16128501426775477945,AUD,2025-08-10 14:24:59.504+10
11d7569a4a2f9ee21f5f306fe3355a91,20250728,20250808,62d296563f195530c1c981ff481b07b3,bbc4ee462e9f76716579f1a6c5627b49,b002fdf2ed9b8f986a5adcdaca47d83b,1,2.0,420.88,841.76,1301.37021936,841.76,ORD_US_871214,9,user_6350@company.com,SUBMITTED,data\source\orders_us_cc_us_001_202508.json,16244744169028439,USD,2025-08-10 14:24:59.504+10
2028473eb208f46f0f6e9a0099fb1bb5,20250728,20250806,ef87068ac6e5cd01dcca96f0ac205f08,d64e0756aab2ec1bb750fbe1e057b307,362f93603b14f190cfa5cceeff63b2e5,1,2.0,14.07,28.14,43.50474954,28.14,ORD_US_932799,8,user_7951@company.com,PENDING,data\source\orders_us_cc_us_004_202508.json,1408233986924693998,USD,2025-08-10 14:24:59.504+10
a1c7023943636a257685603626847c61,20250727,20250802,ae3328023c15672e5202871def883d8a,bbc4ee462e9f76716579f1a6c5627b49,14d8e65533f4138bc6edcf9a5e4a97dc,2,8.0,148.82,1190.56,1190.56,795.1697790601373,ORD_AU_444000,1,user_5502@company.com,SUBMITTED,data\source\orders_au_cc_au_004_202508.json,13988969608103903491,AUD,2025-08-10 14:24:59.504+10
ab86d7f15090282f5e6ad404328f0b55,20250727,20250809,91f0408a61f92f915ac67558b79fc8be,2daf87bc3b78cf832431558d684aa808,362f93603b14f190cfa5cceeff63b2e5,2,2.0,272.46,544.92,544.92,363.9496673879939,ORD_AU_787590,1,user_3404@company.com,SUBMITTED,data\source\orders_au_cc_au_003_202508.json,13363470645294508088,AUD,2025-08-10 14:24:59.504+10
e61ccd311b9d7cc6bd10e2503d8370e3,20250727,20250810,8f8c5193945cd7cf3287ea3c935d3ddc,d09e7ca98733633b21e000b80deb3263,80d5a28f2fcf06e9e1049a79cc965eb2,2,3.0,419.94,1259.82,1259.82,841.4282279394085,ORD_AU_876504,8,user_5884@company.com,APPROVED,data\source\orders_au_cc_au_005_202508.json,12457352482553807117,AUD,2025-08-10 14:24:59.504+10
67764c65a203f0606975429a88c9376e,20250727,20250808,ef87068ac6e5cd01dcca96f0ac205f08,153f4fead6bcb7b8277efee4aed71c31,83126802147492a03a46ffe25a26e53f,1,4.0,221.52,886.08,1326.6744191999999,886.08,ORD_US_435156,8,user_7466@company.com,PENDING,data\source\orders_us_cc_us_004_202508.json,12802426841036380545,USD,2025-08-10 14:24:59.504+10
a46926500cc905e74ef4ed644a048b2a,20250727,20250804,62d296563f195530c1c981ff481b07b3,bbc4ee462e9f76716579f1a6c5627b49,b002fdf2ed9b8f986a5adcdaca47d83b,1,2.0,130.05,260.1,389.432124,260.1,ORD_US_667137,1,user_8298@company.com,PENDING,data\source\orders_us_cc_us_001_202508.json,7061907699039541176,USD,2025-08-10 14:24:59.504+10
bea729316b55e8a5e9b7c83ff93fe6e4,20250727,20250807,ef87068ac6e5cd01dcca96f0ac205f08,38e87d3db9b9a1d2dbe7321ac29df584,9a46757e81ccf82fe0b6c45bff5e1ea5,1,5.0,201.88,1009.4,1511.314056,1009.4,ORD_US_957825,2,user_2519@company.com,SUBMITTED,data\source\orders_us_cc_us_004_202508.json,12534994088364056744,USD,2025-08-10 14:24:59.504+10
f4cf36422a322a0dfc041e85a4ae7120,20250726,20250730,91f0408a61f92f915ac67558b79fc8be,d64e0756aab2ec1bb750fbe1e057b307,362f93603b14f190cfa5cceeff63b2e5,2,3.0,88.27,264.81,264.81,174.93722514323764,ORD_AU_579400,2,user_8227@company.com,PENDING,data\source\orders_au_cc_au_003_202508.json,7936367728045176310,AUD,2025-08-10 14:24:59.504+10
7281d3f11c81dd95bad12655e4030502,20250726,20250802,2f9cd7e07b2c3a542b837e13a2fc83d9,d09e7ca98733633b21e000b80deb3263,872d517c29fd86390bd5247bfc49ab27,1,4.0,395.17,1580.68,2392.74328524,1580.68,ORD_US_365316,5,user_3157@company.com,APPROVED,data\source\orders_us_cc_us_005_202508.json,3160791960258603900,USD,2025-08-10 14:24:59.504+10
c2217b4850c9046d9ccd09a438b9676e,20250725,20250802,c977754b89e8dc8ba17cdeaa23d38ae7,d64e0756aab2ec1bb750fbe1e057b307,b646c84ea74ebbd2ce27e17d75e2b819,2,1.0,405.3,405.3,405.3,268.279299071514,ORD_AU_774899,1,user_7945@company.com,PENDING,data\source\orders_au_cc_au_001_202508.json,13095267704988057102,AUD,2025-08-10 14:24:59.504+10
309824dfe26bc4725fabc657b6921094,20250725,20250808,2f9cd7e07b2c3a542b837e13a2fc83d9,2daf87bc3b78cf832431558d684aa808,2d76498279fceb080c8276f555bf5877,1,10.0,213.88,2138.8,3231.1685732000005,2138.8,ORD_US_750194,5,user_2197@company.com,PENDING,data\source\orders_us_cc_us_005_202508.json,4496016425075534935,USD,2025-08-10 14:24:59.504+10
ef173863ba5955dc39e0f0e0319f0c9e,20250725,20250807,62d296563f195530c1c981ff481b07b3,38e87d3db9b9a1d2dbe7321ac29df584,3ded3ecb03c8b86699f13fc1a03aea2a,1,3.0,62.73,188.19,284.30597241,188.19,ORD_US_889331,6,user_9448@company.com,SUBMITTED,data\source\orders_us_cc_us_001_202508.json,13388553842798674413,USD,2025-08-10 14:24:59.504+10
6dec9f3cefb32492475007d3245f6ab2,20250724,20250731,8f8c5193945cd7cf3287ea3c935d3ddc,bbc4ee462e9f76716579f1a6c5627b49,545b003f6bac13bcde42827f40560b61,2,9.0,213.69,1923.21,1923.21,1262.5966867513384,ORD_AU_863274,10,user_4163@company.com,PENDING,data\source\orders_au_cc_au_005_202508.json,11623046731313943022,AUD,2025-08-10 14:24:59.504+10
8db579bbcfd164c03ed2a53a27a87cb2,20250724,20250727,ae3328023c15672e5202871def883d8a,2daf87bc3b78cf832431558d684aa808,695341297938ee00a0b0e8ff9ba9b076,2,5.0,205.23,1026.1499999999999,1026.1499999999999,673.6724487236888,ORD_AU_892231,9,user_5666@company.com,PENDING,data\source\orders_au_cc_au_004_202508.json,13630228212308627958,AUD,2025-08-10 14:24:59.504+10
9ec6840f6886ddef7f0d943945ef28be,20250724,20250805,ae3328023c15672e5202871def883d8a,2daf87bc3b78cf832431558d684aa808,0a140f8a70774cc6ca46ee58372c5a3c,2,1.0,210.18,210.18,210.18,137.98418873726544,ORD_AU_930620,1,user_8287@company.com,APPROVED,data\source\orders_au_cc_au_004_202508.json,16858969335736955393,AUD,2025-08-10 14:24:59.504+10
a727b103c6427fa1782be8df5142022b,20250724,20250728,ae3328023c15672e5202871def883d8a,38e87d3db9b9a1d2dbe7321ac29df584,2a71cd7e3b9c19d2d3196dbb88037416,2,12.0,35.03,420.36,420.36,275.9683774745309,ORD_AU_940002,7,user_9628@company.com,SUBMITTED,data\source\orders_au_cc_au_004_202508.json,17500692274697223680,AUD,2025-08-10 14:24:59.504+10
69bb15f6ed8067580fd544da480d98c6,20250724,20250801,ef87068ac6e5cd01dcca96f0ac205f08,d64e0756aab2ec1bb750fbe1e057b307,c33fccb601bd048e98ca0221d0513a45,1,7.0,360.6,2524.2000000000003,3844.9068756,2524.2000000000003,ORD_US_477316,8,user_3097@company.com,APPROVED,data\source\orders_us_cc_us_004_202508.json,7818721751602010199,USD,2025-08-10 14:24:59.504+10
93c74b189bfee2b4d12b14c664a3ff12,20250724,20250807,ef87068ac6e5cd01dcca96f0ac205f08,bbc4ee462e9f76716579f1a6c5627b49,89b40904deb88f8684c25d3c11340838,1,1.0,333.16,333.16,507.47530888,333.16,ORD_US_800390,6,user_6811@company.com,APPROVED,data\source\orders_us_cc_us_004_202508.json,6065368290369727975,USD,2025-08-10 14:24:59.504+10
8972bfd288be2b5c31e9867eaaa70b3c,20250723,20250729,d4680a0984ad2d62127cc2b5ec019624,2daf87bc3b78cf832431558d684aa808,3952f9e49d5a126a3e4a8b216a7c4ac1,2,3.0,376.3,1128.9,1128.9,736.5476798650218,ORD_AU_412863,5,user_5671@company.com,PENDING,data\source\orders_au_cc_au_002_202508.json,7269180925583632088,AUD,2025-08-10 14:24:59.504+10
272e376c6a3e7508ea1d8f23544f1122,20250723,20250727,c977754b89e8dc8ba17cdeaa23d38ae7,d64e0756aab2ec1bb750fbe1e057b307,c33fccb601bd048e98ca0221d0513a45,2,5.0,116.51,582.5500000000001,582.5500000000001,380.0831348262631,ORD_AU_682038,2,user_4447@company.com,PENDING,data\source\orders_au_cc_au_001_202508.json,7912594617783440829,AUD,2025-08-10 14:24:59.504+10
f338a580d942bb305c5a5cddd6ed0fe4,20250723,20250801,c977754b89e8dc8ba17cdeaa23d38ae7,153f4fead6bcb7b8277efee4aed71c31,89b40904deb88f8684c25d3c11340838,2,4.0,359.45,1437.8,1437.8,938.0886297368484,ORD_AU_897797,8,user_7172@company.com,APPROVED,data\source\orders_au_cc_au_001_202508.json,1494797246146751545,AUD,2025-08-10 14:24:59.504+10
855828a642bd6b90d64fafd174f5a8bc,20250723,20250726,d4680a0984ad2d62127cc2b5ec019624,2daf87bc3b78cf832431558d684aa808,3952f9e49d5a126a3e4a8b216a7c4ac1,2,3.0,145.93,437.79,437.79,285.6348735655132,ORD_AU_998978,8,user_5130@company.com,PENDING,data\source\orders_au_cc_au_002_202508.json,1834769714570336939,AUD,2025-08-10 14:24:59.504+10
db6eebed99bd32342045c4942a84e620,20250723,20250801,62d296563f195530c1c981ff481b07b3,2daf87bc3b78cf832431558d684aa808,2d76498279fceb080c8276f555bf5877,1,5.0,279.72,1398.6000000000001,2143.6216326000003,1398.6000000000001,ORD_US_513483,2,user_6227@company.com,PENDING,data\source\orders_us_cc_us_001_202508.json,4586334262847874815,USD,2025-08-10 14:24:59.504+10
b8bc61bd82bc3d2191ca65734c38be8c,20250722,20250730,8f8c5193945cd7cf3287ea3c935d3ddc,bbc4ee462e9f76716579f1a6c5627b49,14d8e65533f4138bc6edcf9a5e4a97dc,2,1.0,80.84,80.84,80.84,53.497098159631,ORD_AU_536327,2,user_3636@company.com,PENDING,data\source\orders_au_cc_au_005_202508.json,1052821708346132772,AUD,2025-08-10 14:24:59.504+10
dc0ad8736d76ff390153669c430047c9,20250722,20250801,c977754b89e8dc8ba17cdeaa23d38ae7,bbc4ee462e9f76716579f1a6c5627b49,545b003f6bac13bcde42827f40560b61,2,9.0,401.19,3610.71,3610.71,2389.4421981192636,ORD_AU_604832,6,user_9649@company.com,SUBMITTED,data\source\orders_au_cc_au_001_202508.json,16727015308688549300,AUD,2025-08-10 14:24:59.504+10
f86d1eff0889c48140fb370b15247b8e,20250722,20250728,62d296563f195530c1c981ff481b07b3,2daf87bc3b78cf832431558d684aa808,3952f9e49d5a126a3e4a8b216a7c4ac1,1,6.0,332.09,1992.54,3010.9471194,1992.54,ORD_US_692951,2,user_6056@company.com,SUBMITTED,data\source\orders_us_cc_us_001_202508.json,8931741005805683676,USD,2025-08-10 14:24:59.504+10
dbebc450c48c1c4119375ba4d8dadc45,20250721,20250726,c977754b89e8dc8ba17cdeaa23d38ae7,2daf87bc3b78cf832431558d684aa808,5ec5d62aac1076ec11d267779784a082,2,14.0,118.81,1663.3400000000001,1663.3400000000001,1095.3396011092082,ORD_AU_192108,3,user_3470@company.com,SUBMITTED,data\source\orders_au_cc_au_001_202508.json,8354418402373310469,AUD,2025-08-10 14:24:59.504+10
3b0319412efa9810a90e28e6d0462e1a,20250721,20250727,91f0408a61f92f915ac67558b79fc8be,2daf87bc3b78cf832431558d684aa808,695341297938ee00a0b0e8ff9ba9b076,2,2.0,15.3,30.6,30.6,20.150655785312544,ORD_AU_339513,4,user_2912@company.com,APPROVED,data\source\orders_au_cc_au_003_202508.json,12299544247090119593,AUD,2025-08-10 14:24:59.504+10
f4c2c21c7117c13eeb77aa15b8308255,20250721,20250727,62d296563f195530c1c981ff481b07b3,153f4fead6bcb7b8277efee4aed71c31,aaadecf37a9a65410c8c9cb0534dcf54,1,8.0,240.58,1924.64,2922.6832430400004,1924.64,ORD_US_324888,5,user_5489@company.com,PENDING,data\source\orders_us_cc_us_001_202508.json,10418841230755978192,USD,2025-08-10 14:24:59.504+10
a3cd5f7dabca8dde1bed0230ed488b47,20250721,20250727,d70ed7a32bdc9dcadee90f6e0dbaf443,153f4fead6bcb7b8277efee4aed71c31,83126802147492a03a46ffe25a26e53f,1,8.0,31.86,254.88,387.05082768,254.88,ORD_US_924640,5,user_4124@company.com,PENDING,data\source\orders_us_cc_us_002_202508.json,12967407786916218031,USD,2025-08-10 14:24:59.504+10
46429a818adc055c17348b52d5ab2c76,20250720,20250730,d4680a0984ad2d62127cc2b5ec019624,d09e7ca98733633b21e000b80deb3263,872d517c29fd86390bd5247bfc49ab27,2,5.0,25.12,125.60000000000001,125.60000000000001,81.98941840388275,ORD_AU_232362,9,user_2992@company.com,SUBMITTED,data\source\orders_au_cc_au_002_202508.json,10328567873901227784,AUD,2025-08-10 14:24:59.504+10
890f519693129eab7e8bb35577ad6b28,20250720,20250727,c977754b89e8dc8ba17cdeaa23d38ae7,38e87d3db9b9a1d2dbe7321ac29df584,08050882fdd8d3d1b5098035236859e6,2,1.0,388.61,388.61,388.61,253.6776105567904,ORD_AU_841478,9,user_8010@company.com,APPROVED,data\source\orders_au_cc_au_001_202508.json,2620826653299996698,AUD,2025-08-10 14:24:59.504+10
e1da3863c6eb87111c2ddd07dc26f7e2,20250720,20250726,ef87068ac6e5cd01dcca96f0ac205f08,bbc4ee462e9f76716579f1a6c5627b49,b002fdf2ed9b8f986a5adcdaca47d83b,1,6.0,235.03,1410.18,2160.2617929000003,1410.18,ORD_US_117975,3,user_3645@company.com,SUBMITTED,data\source\orders_us_cc_us_004_202508.json,18383335408841662296,USD,2025-08-10 14:24:59.504+10
67704dfaf0a50d9068acb6bb5e184aec,20250720,20250726,d70ed7a32bdc9dcadee90f6e0dbaf443,d64e0756aab2ec1bb750fbe1e057b307,c33fccb601bd048e98ca0221d0513a45,1,7.0,105.28,736.96,1128.9527088000002,736.96,ORD_US_917729,2,user_6033@company.com,PENDING,data\source\orders_us_cc_us_002_202508.json,5025245933842972828,USD,2025-08-10 14:24:59.504+10
d7cb0558858b1d9bd53d77f59f9f3574,20250719,20250728,91f0408a61f92f915ac67558b79fc8be,2daf87bc3b78cf832431558d684aa808,3952f9e49d5a126a3e4a8b216a7c4ac1,2,5.0,477.61,2388.05,2388.05,1575.7557761655435,ORD_AU_296916,4,user_1924@company.com,SUBMITTED,data\source\orders_au_cc_au_003_202508.json,17568601449284049885,AUD,2025-08-10 14:24:59.504+10
2f097e1489f064262adc74c2e5de3a58,20250719,20250730,ae3328023c15672e5202871def883d8a,38e87d3db9b9a1d2dbe7321ac29df584,9a46757e81ccf82fe0b6c45bff5e1ea5,2,8.0,119.1,952.8,952.8,628.7054724693911,ORD_AU_740434,7,user_3025@company.com,PENDING,data\source\orders_au_cc_au_004_202508.json,540861392735328112,AUD,2025-08-10 14:24:59.504+10
08a33c78e20e01999781bc84e7aa4dca,20250719,20250728,ae3328023c15672e5202871def883d8a,2daf87bc3b78cf832431558d684aa808,b646c84ea74ebbd2ce27e17d75e2b819,2,1.0,104.98,104.98,104.98,69.27109624248183,ORD_AU_997987,7,user_3610@company.com,PENDING,data\source\orders_au_cc_au_004_202508.json,11371559501526088118,AUD,2025-08-10 14:24:59.504+10
b0f741dd4f043de55db02afb99e55bff,20250719,20250728,d4de6470b90d995178d2494307f639ef,38e87d3db9b9a1d2dbe7321ac29df584,b646c84ea74ebbd2ce27e17d75e2b819,1,3.0,488.82,1466.46,2222.4127977000003,1466.46,ORD_US_177837,1,user_4889@company.com,SUBMITTED,data\source\orders_us_cc_us_003_202508.json,5541250655682264782,USD,2025-08-10 14:24:59.504+10
f36ae350d6af12d887dca33d667f010b,20250719,20250729,d4de6470b90d995178d2494307f639ef,2daf87bc3b78cf832431558d684aa808,3952f9e49d5a126a3e4a8b216a7c4ac1,1,5.0,63.29,316.45,479.57839275,316.45,ORD_US_666819,3,user_6528@company.com,PENDING,data\source\orders_us_cc_us_003_202508.json,5782686962692391485,USD,2025-08-10 14:24:59.504+10
c16530634968f7924867393e6c985684,20250718,20250721,c977754b89e8dc8ba17cdeaa23d38ae7,2daf87bc3b78cf832431558d684aa808,2d76498279fceb080c8276f555bf5877,2,10.0,457.7,4577.0,4577.0,3042.319953418007,ORD_AU_626530,3,user_9383@company.com,APPROVED,data\source\orders_au_cc_au_001_202508.json,9731989827935619078,AUD,2025-08-10 14:24:59.504+10
34d2f290d13bfafe0bbd333ef404c10a,20250718,20250722,ae3328023c15672e5202871def883d8a,d64e0756aab2ec1bb750fbe1e057b307,b646c84ea74ebbd2ce27e17d75e2b819,2,2.0,203.72,407.44,407.44,270.824304527121,ORD_AU_921686,2,user_2925@company.com,APPROVED,data\source\orders_au_cc_au_004_202508.json,6278354084950385506,AUD,2025-08-10 14:24:59.504+10
24fcacbbe31101727ec690088c098626,20250718,20250801,d70ed7a32bdc9dcadee90f6e0dbaf443,38e87d3db9b9a1d2dbe7321ac29df584,b646c84ea74ebbd2ce27e17d75e2b819,1,3.0,482.43,1447.29,2177.3667567599996,1447.29,ORD_US_709398,5,user_1674@company.com,PENDING,data\source\orders_us_cc_us_002_202508.json,7497514148522739093,USD,2025-08-10 14:24:59.504+10
8bec2cbe1df0cde6798586cec61a0e4b,20250718,20250722,2f9cd7e07b2c3a542b837e13a2fc83d9,bbc4ee462e9f76716579f1a6c5627b49,545b003f6bac13bcde42827f40560b61,1,7.0,350.22,2451.54,3688.2046437599997,2451.54,ORD_US_807868,9,user_3194@company.com,SUBMITTED,data\source\orders_us_cc_us_005_202508.json,8168727568893959041,USD,2025-08-10 14:24:59.504+10
cf27379f7f6a957334496887dfae9a48,20250717,20250720,ae3328023c15672e5202871def883d8a,d64e0756aab2ec1bb750fbe1e057b307,362f93603b14f190cfa5cceeff63b2e5,2,5.0,249.79,1248.95,1248.95,817.7267203720969,ORD_AU_520862,4,user_7298@company.com,SUBMITTED,data\source\orders_au_cc_au_004_202508.json,11384949905520745137,AUD,2025-08-10 14:24:59.504+10
8561b8ae2996eb694eeebeed2afec917,20250717,20250724,62d296563f195530c1c981ff481b07b3,d09e7ca98733633b21e000b80deb3263,2a71cd7e3b9c19d2d3196dbb88037416,1,10.0,496.95,4969.5,7590.136008,4969.5,ORD_US_495402,8,user_6058@company.com,SUBMITTED,data\source\orders_us_cc_us_001_202508.json,12767777769388357188,USD,2025-08-10 14:24:59.504+10
88b9b296efedfc1bab20123d99ec3eba,20250717,20250729,d70ed7a32bdc9dcadee90f6e0dbaf443,38e87d3db9b9a1d2dbe7321ac29df584,b646c84ea74ebbd2ce27e17d75e2b819,1,2.0,252.9,505.8,772.5305952,505.8,ORD_US_632205,7,user_4815@company.com,PENDING,data\source\orders_us_cc_us_002_202508.json,9346205304405432703,USD,2025-08-10 14:24:59.504+10
183831b6a48df3a9ee91f007ce00d30c,20250716,20250727,ae3328023c15672e5202871def883d8a,d64e0756aab2ec1bb750fbe1e057b307,9a46757e81ccf82fe0b6c45bff5e1ea5,2,4.0,362.5,1450.0,1450.0,966.0876581302273,ORD_AU_148323,4,user_6937@company.com,SUBMITTED,data\source\orders_au_cc_au_004_202508.json,2079255442670808449,AUD,2025-08-10 14:24:59.504+10
44a766f10b3df39f0c0d09064e7670ca,20250716,20250722,c977754b89e8dc8ba17cdeaa23d38ae7,bbc4ee462e9f76716579f1a6c5627b49,0dca678de53c67021d3c72a335854e78,2,6.0,241.75,1450.5,1450.5,966.4207918054447,ORD_AU_553322,3,user_2734@company.com,SUBMITTED,data\source\orders_au_cc_au_001_202508.json,874802170703675873,AUD,2025-08-10 14:24:59.504+10
4c31ee8af2da43637901bd5e1428ad2e,20250716,20250725,d4680a0984ad2d62127cc2b5ec019624,d09e7ca98733633b21e000b80deb3263,872d517c29fd86390bd5247bfc49ab27,2,8.0,237.41,1899.28,1899.28,1265.4282533335022,ORD_AU_569319,7,user_4183@company.com,SUBMITTED,data\source\orders_au_cc_au_002_202508.json,6420336780537664837,AUD,2025-08-10 14:24:59.504+10
1731697862384d81a8b7bf3a523513e7,20250716,20250724,ae3328023c15672e5202871def883d8a,d64e0756aab2ec1bb750fbe1e057b307,7da598bcf0c556d64707a92b63efee08,2,2.0,275.62,551.24,551.24,367.2732142535907,ORD_AU_959891,4,user_2674@company.com,PENDING,data\source\orders_au_cc_au_004_202508.json,7684677867604248022,AUD,2025-08-10 14:24:59.504+10
daa604b15fda22ba4205a8f77d21dd8e,20250716,20250724,d70ed7a32bdc9dcadee90f6e0dbaf443,d09e7ca98733633b21e000b80deb3263,ef040431c412d76a8d54d6f256a49b09,1,4.0,148.98,595.92,894.4157320799999,595.92,ORD_US_511051,4,user_8707@company.com,PENDING,data\source\orders_us_cc_us_002_202508.json,9474649000259328477,USD,2025-08-10 14:24:59.504+10
5c475edbd464281feac7152d6b1a27e7,20250716,20250726,2f9cd7e07b2c3a542b837e13a2fc83d9,38e87d3db9b9a1d2dbe7321ac29df584,08050882fdd8d3d1b5098035236859e6,1,3.0,189.31,567.9300000000001,852.4055690700001,567.9300000000001,ORD_US_638123,6,user_4343@company.com,PENDING,data\source\orders_us_cc_us_005_202508.json,7618660884623116632,USD,2025-08-10 14:24:59.504+10
adbe23dec19cf086eaffb34c30f20f2b,20250716,20250726,d70ed7a32bdc9dcadee90f6e0dbaf443,2daf87bc3b78cf832431558d684aa808,0dca678de53c67021d3c72a335854e78,1,5.0,332.21,1661.05,2493.06828395,1661.05,ORD_US_676275,2,user_6387@company.com,SUBMITTED,data\source\orders_us_cc_us_002_202508.json,15485120249920299413,USD,2025-08-10 14:24:59.504+10
f8eb8a486747f1adfbc51d6c7205fada,20250715,20250718,c977754b89e8dc8ba17cdeaa23d38ae7,2daf87bc3b78cf832431558d684aa808,3952f9e49d5a126a3e4a8b216a7c4ac1,2,3.0,14.4,43.2,43.2,28.47192747040106,ORD_AU_442908,6,user_6379@company.com,SUBMITTED,data\source\orders_au_cc_au_001_202508.json,12236704582604039765,AUD,2025-08-10 14:24:59.504+10
1e5a14720ca46ab5e2cc4078064817b1,20250715,20250728,91f0408a61f92f915ac67558b79fc8be,d64e0756aab2ec1bb750fbe1e057b307,b646c84ea74ebbd2ce27e17d75e2b819,2,4.0,281.17,1124.68,1124.68,741.2455413752468,ORD_AU_448754,8,user_9652@company.com,PENDING,data\source\orders_au_cc_au_003_202508.json,15253807154747903313,AUD,2025-08-10 14:24:59.504+10
855a279ada7dc35a268157fde5b5c2ca,20250715,20250718,91f0408a61f92f915ac67558b79fc8be,38e87d3db9b9a1d2dbe7321ac29df584,9a46757e81ccf82fe0b6c45bff5e1ea5,2,10.0,338.25,3382.5,3382.5,2229.312376588694,ORD_AU_570284,9,user_7601@company.com,PENDING,data\source\orders_au_cc_au_003_202508.json,15563763761203638471,AUD,2025-08-10 14:24:59.504+10
ac20bb48bc9cab1c37353673e0d3d07e,20250715,20250723,2f9cd7e07b2c3a542b837e13a2fc83d9,38e87d3db9b9a1d2dbe7321ac29df584,08050882fdd8d3d1b5098035236859e6,1,2.0,496.97,993.94,1508.08925896,993.94,ORD_US_392987,1,user_6749@company.com,APPROVED,data\source\orders_us_cc_us_005_202508.json,5202105410812627180,USD,2025-08-10 14:24:59.504+10
2e6a98bc6186411b9d64be3f63a9d75c,20250715,20250725,ef87068ac6e5cd01dcca96f0ac205f08,153f4fead6bcb7b8277efee4aed71c31,6968883b04f29bc9da36ef3853f71acc,1,10.0,263.08,2630.7999999999997,3991.6707472,2630.7999999999997,ORD_US_886834,9,user_5970@company.com,SUBMITTED,data\source\orders_us_cc_us_004_202508.json,7216763852166930119,USD,2025-08-10 14:24:59.504+10
8daf50eabecc6a1e1852706a2a941e10,20250715,20250721,d70ed7a32bdc9dcadee90f6e0dbaf443,153f4fead6bcb7b8277efee4aed71c31,83126802147492a03a46ffe25a26e53f,1,2.0,219.82,439.64,667.05873776,439.64,ORD_US_953647,2,user_4762@company.com,APPROVED,data\source\orders_us_cc_us_002_202508.json,17542537074339487122,USD,2025-08-10 14:24:59.504+10
2b2b3a2e6652890ff0e4047ae9da65e9,20250714,20250727,d4680a0984ad2d62127cc2b5ec019624,d09e7ca98733633b21e000b80deb3263,872d517c29fd86390bd5247bfc49ab27,2,2.0,211.63,423.26,423.26,277.54153516677997,ORD_AU_262710,5,user_1094@company.com,PENDING,data\source\orders_au_cc_au_002_202508.json,2546853341396421758,AUD,2025-08-10 14:24:59.504+10
e1e1b61f3c71ad21d2f06e5176044880,20250714,20250727,d4680a0984ad2d62127cc2b5ec019624,2daf87bc3b78cf832431558d684aa808,fc0d38e46b4443f94954594b391adb75,2,2.0,111.77,223.54,223.54,146.58043465288947,ORD_AU_444471,4,user_6291@company.com,PENDING,data\source\orders_au_cc_au_002_202508.json,1142756101834730928,AUD,2025-08-10 14:24:59.504+10
646f3d85081b6497787c5b8a86cd67ca,20250714,20250717,91f0408a61f92f915ac67558b79fc8be,38e87d3db9b9a1d2dbe7321ac29df584,872d517c29fd86390bd5247bfc49ab27,2,7.0,68.78,481.46000000000004,481.46000000000004,315.70464376836435,ORD_AU_445221,1,user_8333@company.com,SUBMITTED,data\source\orders_au_cc_au_003_202508.json,13824588946114920331,AUD,2025-08-10 14:24:59.504+10
cea5cb48cbc2618c7e235183af86455e,20250714,20250718,91f0408a61f92f915ac67558b79fc8be,153f4fead6bcb7b8277efee4aed71c31,f3f79b4a7f54b4fa78bc9df0fe660411,2,1.0,163.77,163.77,163.77,107.38784013198403,ORD_AU_471538,8,user_9754@company.com,PENDING,data\source\orders_au_cc_au_003_202508.json,15304666314703853751,AUD,2025-08-10 14:24:59.504+10
a81add0f239f3b8085e8f088878e30c1,20250714,20250726,c977754b89e8dc8ba17cdeaa23d38ae7,2daf87bc3b78cf832431558d684aa808,3952f9e49d5a126a3e4a8b216a7c4ac1,2,2.0,442.62,885.24,885.24,580.4726848533769,ORD_AU_670820,1,user_3220@company.com,APPROVED,data\source\orders_au_cc_au_001_202508.json,15887831566569912225,AUD,2025-08-10 14:24:59.504+10
9f7548fa37abac949293478d83322f68,20250714,20250724,2f9cd7e07b2c3a542b837e13a2fc83d9,d09e7ca98733633b21e000b80deb3263,872d517c29fd86390bd5247bfc49ab27,1,8.0,41.13,329.04,501.79685832000007,329.04,ORD_US_827602,1,user_3841@company.com,PENDING,data\source\orders_us_cc_us_005_202508.json,15045708742357644141,USD,2025-08-10 14:24:59.504+10
2c97a4e3ce44f13b21c6b42cec68927c,20250713,20250722,c977754b89e8dc8ba17cdeaa23d38ae7,d09e7ca98733633b21e000b80deb3263,c7ce8e91f8a0069a94842b91867b046f,2,8.0,261.32,2090.56,2090.56,1351.136848364205,ORD_AU_662551,1,user_2962@company.com,SUBMITTED,data\source\orders_au_cc_au_001_202508.json,9119244229951419078,AUD,2025-08-10 14:24:59.504+10
66a5d2661794c40780afe36a29fbbc10,20250713,20250716,ae3328023c15672e5202871def883d8a,d64e0756aab2ec1bb750fbe1e057b307,b646c84ea74ebbd2ce27e17d75e2b819,2,4.0,156.02,624.08,624.08,403.3452684099634,ORD_AU_781982,3,user_6426@company.com,APPROVED,data\source\orders_au_cc_au_004_202508.json,234699859086872603,AUD,2025-08-10 14:24:59.504+10
428be9bef3db3dd996cefbe9f0648291,20250713,20250720,d4680a0984ad2d62127cc2b5ec019624,d64e0756aab2ec1bb750fbe1e057b307,c33fccb601bd048e98ca0221d0513a45,2,2.0,141.92,283.84,283.84,183.44686736553646,ORD_AU_924800,4,user_2237@company.com,SUBMITTED,data\source\orders_au_cc_au_002_202508.json,9386986599998795984,AUD,2025-08-10 14:24:59.504+10
bcf15308e09325dfb8ce78aacffd7043,20250713,20250723,ef87068ac6e5cd01dcca96f0ac205f08,2daf87bc3b78cf832431558d684aa808,2d76498279fceb080c8276f555bf5877,1,10.0,298.19,2981.9,4613.774594,2981.9,ORD_US_147649,6,user_1944@company.com,SUBMITTED,data\source\orders_us_cc_us_004_202508.json,16264600865771484468,USD,2025-08-10 14:24:59.504+10
3b20b0414d9715a91a714f983732ccca,20250713,20250724,d70ed7a32bdc9dcadee90f6e0dbaf443,38e87d3db9b9a1d2dbe7321ac29df584,2a71cd7e3b9c19d2d3196dbb88037416,1,1.0,267.11,267.11,413.28861860000006,267.11,ORD_US_513590,10,user_5596@company.com,SUBMITTED,data\source\orders_us_cc_us_002_202508.json,7364854126787060371,USD,2025-08-10 14:24:59.504+10
9e3c731128d90614c637b16e795bcee8,20250713,20250722,62d296563f195530c1c981ff481b07b3,d64e0756aab2ec1bb750fbe1e057b307,362f93603b14f190cfa5cceeff63b2e5,1,2.0,352.48,704.96,1090.7564096,704.96,ORD_US_556932,6,user_1091@company.com,PENDING,data\source\orders_us_cc_us_001_202508.json,13805477642223047060,USD,2025-08-10 14:24:59.504+10
4d2afe6500b221c6557e673af2058578,20250713,20250717,d70ed7a32bdc9dcadee90f6e0dbaf443,153f4fead6bcb7b8277efee4aed71c31,7cfddf51e4cfc7425c9fca8f4049bcbb,1,5.0,448.02,2240.1,3466.017126,2240.1,ORD_US_904185,8,user_2207@company.com,SUBMITTED,data\source\orders_us_cc_us_002_202508.json,9256521984331680358,USD,2025-08-10 14:24:59.504+10
8d1d8206bdf97a37def6cffbb8cfc0c9,20250712,20250718,d4680a0984ad2d62127cc2b5ec019624,153f4fead6bcb7b8277efee4aed71c31,83126802147492a03a46ffe25a26e53f,2,1.0,392.23,392.23,392.23,262.4340536001633,ORD_AU_919957,3,user_8209@company.com,PENDING,data\source\orders_au_cc_au_002_202508.json,14631088106151908428,AUD,2025-08-10 14:24:59.504+10
c6974509eef9b5b454c2ec9f5ba7e7ba,20250712,20250723,d4680a0984ad2d62127cc2b5ec019624,d09e7ca98733633b21e000b80deb3263,3140bbc04dae4e21958331f63deb7722,2,4.0,252.05,1008.2,1008.2,674.5685257111506,ORD_AU_924067,5,user_1991@company.com,APPROVED,data\source\orders_au_cc_au_002_202508.json,6805255277337560081,AUD,2025-08-10 14:24:59.504+10
249e285e8e2a19df4b8baab5f1859200,20250712,20250726,c977754b89e8dc8ba17cdeaa23d38ae7,bbc4ee462e9f76716579f1a6c5627b49,9a46757e81ccf82fe0b6c45bff5e1ea5,2,5.0,454.99,2274.95,2274.95,1522.1282161937927,ORD_AU_943589,8,user_3552@company.com,SUBMITTED,data\source\orders_au_cc_au_001_202508.json,7834554528542048907,AUD,2025-08-10 14:24:59.504+10
a5919c4fb6757a6d70a5195100e9128b,20250712,20250717,2f9cd7e07b2c3a542b837e13a2fc83d9,38e87d3db9b9a1d2dbe7321ac29df584,9a46757e81ccf82fe0b6c45bff5e1ea5,1,9.0,302.41,2721.69,4067.7970486500003,2721.69,ORD_US_444021,7,user_9130@company.com,SUBMITTED,data\source\orders_us_cc_us_005_202508.json,14807666441672843401,USD,2025-08-10 14:24:59.504+10
5f2380ed20c2e9eeded0d139ea40cc8b,20250711,20250715,d4680a0984ad2d62127cc2b5ec019624,38e87d3db9b9a1d2dbe7321ac29df584,08050882fdd8d3d1b5098035236859e6,2,5.0,199.01,995.05,995.05,662.2033960342998,ORD_AU_106848,10,user_1900@company.com,SUBMITTED,data\source\orders_au_cc_au_002_202508.json,4357826713561367998,AUD,2025-08-10 14:24:59.504+10
070864a67baa72a8a1907ea2434b0cad,20250711,20250718,d4680a0984ad2d62127cc2b5ec019624,d64e0756aab2ec1bb750fbe1e057b307,b646c84ea74ebbd2ce27e17d75e2b819,2,5.0,138.04,690.1999999999999,690.1999999999999,459.32644986972883,ORD_AU_606127,5,user_4896@company.com,PENDING,data\source\orders_au_cc_au_002_202508.json,9572787317908915346,AUD,2025-08-10 14:24:59.504+10
9290496f1fbb90401c058c76c219a1f9,20250711,20250717,d4de6470b90d995178d2494307f639ef,bbc4ee462e9f76716579f1a6c5627b49,89b40904deb88f8684c25d3c11340838,1,2.0,226.16,452.32,679.6718632,452.32,ORD_US_553748,9,user_2106@company.com,SUBMITTED,data\source\orders_us_cc_us_003_202508.json,14090172301702230614,USD,2025-08-10 14:24:59.504+10
dd4849663f31ee534ea4eb2d5e0a6eb4,20250710,20250717,8f8c5193945cd7cf3287ea3c935d3ddc,d64e0756aab2ec1bb750fbe1e057b307,b646c84ea74ebbd2ce27e17d75e2b819,2,2.0,392.61,785.22,785.22,521.9836468789471,ORD_AU_178253,3,user_5411@company.com,APPROVED,data\source\orders_au_cc_au_005_202508.json,3563066832373653967,AUD,2025-08-10 14:24:59.504+10
a5fa4ae02e4c529cd577b85073391bd4,20250710,20250723,ae3328023c15672e5202871def883d8a,d64e0756aab2ec1bb750fbe1e057b307,362f93603b14f190cfa5cceeff63b2e5,2,2.0,341.89,683.78,683.78,454.550289171043,ORD_AU_495269,1,user_1600@company.com,APPROVED,data\source\orders_au_cc_au_004_202508.json,6270319453837282121,AUD,2025-08-10 14:24:59.504+10
d12c1def5b0cbd4a20cdf228623c5bbf,20250710,20250713,ae3328023c15672e5202871def883d8a,2daf87bc3b78cf832431558d684aa808,2d76498279fceb080c8276f555bf5877,2,2.0,493.37,986.74,986.74,655.9462873097121,ORD_AU_629308,4,user_8355@company.com,PENDING,data\source\orders_au_cc_au_004_202508.json,11674420522359443281,AUD,2025-08-10 14:24:59.504+10
de75bc2c08461d7f3ca0541270e89c2f,20250710,20250719,62d296563f195530c1c981ff481b07b3,153f4fead6bcb7b8277efee4aed71c31,aaadecf37a9a65410c8c9cb0534dcf54,1,11.0,124.11,1365.21,2053.685403,1365.21,ORD_US_413984,7,user_7410@company.com,APPROVED,data\source\orders_us_cc_us_001_202508.json,13867734342159038987,USD,2025-08-10 14:24:59.504+10
272dddf8593293f20d1d696942e95c53,20250710,20250720,2f9cd7e07b2c3a542b837e13a2fc83d9,d09e7ca98733633b21e000b80deb3263,872d517c29fd86390bd5247bfc49ab27,1,4.0,217.41,869.64,1308.199452,869.64,ORD_US_669258,7,user_3459@company.com,PENDING,data\source\orders_us_cc_us_005_202508.json,3878495046976094907,USD,2025-08-10 14:24:59.504+10
4ec44610c25c7336421c7a3e70ffcf97,20250710,20250720,62d296563f195530c1c981ff481b07b3,d64e0756aab2ec1bb750fbe1e057b307,b646c84ea74ebbd2ce27e17d75e2b819,1,1.0,88.57,88.57,133.235851,88.57,ORD_US_828796,6,user_9097@company.com,SUBMITTED,data\source\orders_us_cc_us_001_202508.json,5127189683196807552,USD,2025-08-10 14:24:59.504+10
31fc3b1240ffdf760afc073995051277,20250709,20250720,91f0408a61f92f915ac67558b79fc8be,38e87d3db9b9a1d2dbe7321ac29df584,ac4e5210849b355386428f1e4401382a,2,6.0,239.18,1435.08,1435.08,950.6541924825,ORD_AU_321507,8,user_8009@company.com,APPROVED,data\source\orders_au_cc_au_003_202508.json,11761361613236803940,AUD,2025-08-10 14:24:59.504+10
18144c3d23b431e7ec96fc719d421c41,20250709,20250712,c977754b89e8dc8ba17cdeaa23d38ae7,bbc4ee462e9f76716579f1a6c5627b49,89b40904deb88f8684c25d3c11340838,2,2.0,332.41,664.82,664.82,440.4032668884074,ORD_AU_626616,2,user_9076@company.com,APPROVED,data\source\orders_au_cc_au_001_202508.json,8885886077293457947,AUD,2025-08-10 14:24:59.504+10
468fffa56e87225ce78168b8f8e5c23c,20250709,20250712,d4680a0984ad2d62127cc2b5ec019624,d64e0756aab2ec1bb750fbe1e057b307,0cbeeb2bf9183870f6859a7a8e69349e,2,4.0,101.91,407.64,407.64,270.0369840173135,ORD_AU_645979,5,user_1543@company.com,PENDING,data\source\orders_au_cc_au_002_202508.json,11189761417912418242,AUD,2025-08-10 14:24:59.504+10
623741952a24b23d20c89e01ca10b40d,20250709,20250721,8f8c5193945cd7cf3287ea3c935d3ddc,d64e0756aab2ec1bb750fbe1e057b307,b646c84ea74ebbd2ce27e17d75e2b819,2,1.0,258.1,258.1,258.1,170.97572754113588,ORD_AU_812423,10,user_9979@company.com,SUBMITTED,data\source\orders_au_cc_au_005_202508.json,6959840151949587504,AUD,2025-08-10 14:24:59.504+10
4581aa7e4a10e7e6a1abad69b73cec85,20250709,20250717,2f9cd7e07b2c3a542b837e13a2fc83d9,d09e7ca98733633b21e000b80deb3263,80d5a28f2fcf06e9e1049a79cc965eb2,1,8.0,76.15,609.2,919.6306532000001,609.2,ORD_US_241694,1,user_8126@company.com,SUBMITTED,data\source\orders_us_cc_us_005_202508.json,12743186340387782859,USD,2025-08-10 14:24:59.504+10
819a9a5667c4f0e4ff11bca266e467bd,20250709,20250720,2f9cd7e07b2c3a542b837e13a2fc83d9,bbc4ee462e9f76716579f1a6c5627b49,89b40904deb88f8684c25d3c11340838,1,1.0,217.32,217.32,328.05996971999997,217.32,ORD_US_662152,1,user_3727@company.com,APPROVED,data\source\orders_us_cc_us_005_202508.json,15528218965125553962,USD,2025-08-10 14:24:59.504+10
a8cd98474e3761b5b99b457811b0ef62,20250709,20250720,62d296563f195530c1c981ff481b07b3,38e87d3db9b9a1d2dbe7321ac29df584,2a71cd7e3b9c19d2d3196dbb88037416,1,12.0,143.88,1726.56,2606.36490576,1726.56,ORD_US_895700,7,user_7924@company.com,SUBMITTED,data\source\orders_us_cc_us_001_202508.json,10236658175555869230,USD,2025-08-10 14:24:59.504+10
ea2dfd29336bca64f80f32923fdd9012,20250708,20250714,d4680a0984ad2d62127cc2b5ec019624,2daf87bc3b78cf832431558d684aa808,695341297938ee00a0b0e8ff9ba9b076,2,2.0,172.17,344.34,344.34,224.22917557976663,ORD_AU_225647,2,user_9016@company.com,SUBMITTED,data\source\orders_au_cc_au_002_202508.json,14196698254509118673,AUD,2025-08-10 14:24:59.504+10
bf73224d5f2cbec09039937e66c3416c,20250708,20250721,ef87068ac6e5cd01dcca96f0ac205f08,38e87d3db9b9a1d2dbe7321ac29df584,d57dc3ff51932c13d0575d0ba9daa8f5,1,6.0,457.55,2745.3,4215.8501433,2745.3,ORD_US_884071,8,user_9892@company.com,SUBMITTED,data\source\orders_us_cc_us_004_202508.json,12135969557758656251,USD,2025-08-10 14:24:59.504+10
255e260e94e5384f42fb5fbbf70f3015,20250707,20250721,d4de6470b90d995178d2494307f639ef,2daf87bc3b78cf832431558d684aa808,0dca678de53c67021d3c72a335854e78,1,1.0,132.14,132.14,201.56107039999998,132.14,ORD_US_250970,8,user_1691@company.com,SUBMITTED,data\source\orders_us_cc_us_003_202508.json,14550137898722668664,USD,2025-08-10 14:24:59.504+10
ab81c9063b7ff1115c8c1d6f67ca4f95,20250706,20250717,8f8c5193945cd7cf3287ea3c935d3ddc,d64e0756aab2ec1bb750fbe1e057b307,b646c84ea74ebbd2ce27e17d75e2b819,2,2.0,418.81,837.62,837.62,559.6415600103694,ORD_AU_707771,7,user_1451@company.com,PENDING,data\source\orders_au_cc_au_005_202508.json,418283406880989742,AUD,2025-08-10 14:24:59.504+10
7b32d3cbd6ac4eae42ba390f231bb94b,20250706,20250713,ae3328023c15672e5202871def883d8a,d64e0756aab2ec1bb750fbe1e057b307,0cbeeb2bf9183870f6859a7a8e69349e,2,2.0,453.61,907.22,907.22,606.1436165237308,ORD_AU_781040,10,user_8932@company.com,PENDING,data\source\orders_au_cc_au_004_202508.json,1325560413005337346,AUD,2025-08-10 14:24:59.504+10
dfed6b2be32ef1c4bec207949a107530,20250706,20250716,ae3328023c15672e5202871def883d8a,d64e0756aab2ec1bb750fbe1e057b307,c33fccb601bd048e98ca0221d0513a45,2,3.0,11.97,35.910000000000004,35.910000000000004,23.992655882109272,ORD_AU_926367,4,user_8407@company.com,SUBMITTED,data\source\orders_au_cc_au_004_202508.json,5797683931902313547,AUD,2025-08-10 14:24:59.504+10
58843d4ea88aebd793d320c4633e17ae,20250706,20250720,62d296563f195530c1c981ff481b07b3,153f4fead6bcb7b8277efee4aed71c31,aaadecf37a9a65410c8c9cb0534dcf54,1,11.0,227.77,2505.4700000000003,3749.95699276,2505.4700000000003,ORD_US_327898,6,user_5443@company.com,APPROVED,data\source\orders_us_cc_us_001_202508.json,11411351192975862838,USD,2025-08-10 14:24:59.504+10
182a4f771e075e6e96ff90deb15b6731,20250705,20250714,91f0408a61f92f915ac67558b79fc8be,2daf87bc3b78cf832431558d684aa808,3952f9e49d5a126a3e4a8b216a7c4ac1,2,1.0,113.4,113.4,113.4,75.4577370131512,ORD_AU_791771,6,user_5226@company.com,SUBMITTED,data\source\orders_au_cc_au_003_202508.json,5925102619562656511,AUD,2025-08-10 14:24:59.504+10
72ea838c793e5ac7da14f0a75e9dc0a3,20250705,20250714,91f0408a61f92f915ac67558b79fc8be,bbc4ee462e9f76716579f1a6c5627b49,b002fdf2ed9b8f986a5adcdaca47d83b,2,9.0,487.84,4390.5599999999995,4390.5599999999995,2921.531938452038,ORD_AU_840185,6,user_6314@company.com,APPROVED,data\source\orders_au_cc_au_003_202508.json,14980682509170249921,AUD,2025-08-10 14:24:59.504+10
bb5d0bc3b0cb73e0d69da513fc685591,20250705,20250717,2f9cd7e07b2c3a542b837e13a2fc83d9,d09e7ca98733633b21e000b80deb3263,3140bbc04dae4e21958331f63deb7722,1,4.0,171.06,684.24,1028.29503072,684.24,ORD_US_499752,8,user_7042@company.com,SUBMITTED,data\source\orders_us_cc_us_005_202508.json,15369609718219428683,USD,2025-08-10 14:24:59.504+10
e111a1cd5942b01709104f0e73172d7a,20250705,20250714,d4de6470b90d995178d2494307f639ef,153f4fead6bcb7b8277efee4aed71c31,aaadecf37a9a65410c8c9cb0534dcf54,1,3.0,185.49,556.47,836.2786971600001,556.47,ORD_US_803750,4,user_5128@company.com,APPROVED,data\source\orders_us_cc_us_003_202508.json,12007405953375097842,USD,2025-08-10 14:24:59.504+10
65f6a996ea77357fa81c26f09c5861d0,20250705,20250709,ef87068ac6e5cd01dcca96f0ac205f08,38e87d3db9b9a1d2dbe7321ac29df584,08050882fdd8d3d1b5098035236859e6,1,3.0,244.59,733.77,1102.73010156,733.77,ORD_US_947968,5,user_3672@company.com,SUBMITTED,data\source\orders_us_cc_us_004_202508.json,11438320597323223094,USD,2025-08-10 14:24:59.504+10
55b4a8c966244f19f6cd4f98ecf3d7d7,20250704,20250711,c977754b89e8dc8ba17cdeaa23d38ae7,38e87d3db9b9a1d2dbe7321ac29df584,22579cec72b18e2776930b000867a9ed,2,1.0,83.51,83.51,83.51,54.50955434800346,ORD_AU_347648,2,user_4256@company.com,APPROVED,data\source\orders_au_cc_au_001_202508.json,14691194370621857444,AUD,2025-08-10 14:24:59.504+10
f52bd757e94eda6beaf822af91df17f3,20250704,20250709,d70ed7a32bdc9dcadee90f6e0dbaf443,2daf87bc3b78cf832431558d684aa808,0dca678de53c67021d3c72a335854e78,1,3.0,497.02,1491.06,2284.3411965,1491.06,ORD_US_731394,7,user_3275@company.com,PENDING,data\source\orders_us_cc_us_002_202508.json,10295255649387769216,USD,2025-08-10 14:24:59.504+10
2e2daf0ac56aed3d1da4231f8d2eab6e,20250704,20250718,ef87068ac6e5cd01dcca96f0ac205f08,d09e7ca98733633b21e000b80deb3263,83126802147492a03a46ffe25a26e53f,1,6.0,250.22,1501.32,2300.059773,1501.32,ORD_US_884010,7,user_1821@company.com,APPROVED,data\source\orders_us_cc_us_004_202508.json,1497660126422085711,USD,2025-08-10 14:24:59.504+10
26cb2aeee13027120caa7cba0a44a221,20250703,20250706,91f0408a61f92f915ac67558b79fc8be,bbc4ee462e9f76716579f1a6c5627b49,fa0d58d9281d8a4263f2e1cfdee66da5,2,3.0,169.89,509.66999999999996,509.66999999999996,335.40409457938756,ORD_AU_252408,5,user_5503@company.com,SUBMITTED,data\source\orders_au_cc_au_003_202508.json,4543569178750044819,AUD,2025-08-10 14:24:59.504+10
b828ddc1b903ec3a3ff1e095c6e761b9,20250703,20250716,91f0408a61f92f915ac67558b79fc8be,38e87d3db9b9a1d2dbe7321ac29df584,2a71cd7e3b9c19d2d3196dbb88037416,2,2.0,99.72,199.44,199.44,131.24765558677782,ORD_AU_321604,1,user_4954@company.com,SUBMITTED,data\source\orders_au_cc_au_003_202508.json,6672342095187669674,AUD,2025-08-10 14:24:59.504+10
4835e21eafa1f669f9e88a91c13d26f9,20250703,20250715,c977754b89e8dc8ba17cdeaa23d38ae7,2daf87bc3b78cf832431558d684aa808,0dca678de53c67021d3c72a335854e78,2,5.0,413.01,2065.05,2065.05,1358.9699717683293,ORD_AU_520036,8,user_1250@company.com,APPROVED,data\source\orders_au_cc_au_001_202508.json,12266079456585280780,AUD,2025-08-10 14:24:59.504+10
1db4eb8ef2866680371f9de738579ce2,20250703,20250706,ae3328023c15672e5202871def883d8a,38e87d3db9b9a1d2dbe7321ac29df584,b646c84ea74ebbd2ce27e17d75e2b819,2,1.0,263.86,263.86,263.86,173.64122745250302,ORD_AU_767770,10,user_7279@company.com,PENDING,data\source\orders_au_cc_au_004_202508.json,13967326496735192861,AUD,2025-08-10 14:24:59.504+10
f79a8bfb9657581da63d22f41733cac3,20250702,20250708,ae3328023c15672e5202871def883d8a,bbc4ee462e9f76716579f1a6c5627b49,545b003f6bac13bcde42827f40560b61,2,5.0,200.14,1000.6999999999999,1000.6999999999999,661.0272047011075,ORD_AU_722035,10,user_5631@company.com,PENDING,data\source\orders_au_cc_au_004_202508.json,14285457699007414210,AUD,2025-08-10 14:24:59.504+10
2e938b9875318bf54aff464bc0b7b85e,20250702,20250714,c977754b89e8dc8ba17cdeaa23d38ae7,153f4fead6bcb7b8277efee4aed71c31,aaadecf37a9a65410c8c9cb0534dcf54,2,3.0,299.23,897.69,897.69,592.9824236915532,ORD_AU_761104,8,user_1499@company.com,SUBMITTED,data\source\orders_au_cc_au_001_202508.json,1450894408650440147,AUD,2025-08-10 14:24:59.504+10
26863f2ccfcf332dc91bf88f130f4136,20250702,20250709,ae3328023c15672e5202871def883d8a,bbc4ee462e9f76716579f1a6c5627b49,0dca678de53c67021d3c72a335854e78,2,3.0,138.34,415.02,415.02,274.14760717003463,ORD_AU_933108,7,user_8300@company.com,APPROVED,data\source\orders_au_cc_au_004_202508.json,5093338827968674104,AUD,2025-08-10 14:24:59.504+10
f441ea2f6bf491313c1db0e22d8b13cf,20250702,20250713,62d296563f195530c1c981ff481b07b3,2daf87bc3b78cf832431558d684aa808,0a140f8a70774cc6ca46ee58372c5a3c,1,1.0,234.62,234.62,355.18089472,234.62,ORD_US_485353,1,user_8279@company.com,PENDING,data\source\orders_us_cc_us_001_202508.json,816978949236879087,USD,2025-08-10 14:24:59.504+10
8f560ce1dd579191727842b641bc00f7,20250702,20250705,62d296563f195530c1c981ff481b07b3,d64e0756aab2ec1bb750fbe1e057b307,b646c84ea74ebbd2ce27e17d75e2b819,1,2.0,492.56,985.12,1491.32982272,985.12,ORD_US_764745,7,user_1658@company.com,APPROVED,data\source\orders_us_cc_us_001_202508.json,9674529059587433636,USD,2025-08-10 14:24:59.504+10
d297f994768644c05be23a59c753e682,20250702,20250708,2f9cd7e07b2c3a542b837e13a2fc83d9,bbc4ee462e9f76716579f1a6c5627b49,7c7a81ccb126cde0cd898336089fc5a4,1,5.0,387.94,1939.7,2936.4264832000003,1939.7,ORD_US_986093,5,user_3376@company.com,SUBMITTED,data\source\orders_us_cc_us_005_202508.json,10083835286204049135,USD,2025-08-10 14:24:59.504+10
4a9d8df3b6595d3bbcb75fee341b69e0,20250701,20250714,ae3328023c15672e5202871def883d8a,153f4fead6bcb7b8277efee4aed71c31,83126802147492a03a46ffe25a26e53f,2,1.0,366.1,366.1,366.1,243.46514544731485,ORD_AU_114924,4,user_9568@company.com,SUBMITTED,data\source\orders_au_cc_au_004_202508.json,3046990950333083848,AUD,2025-08-10 14:24:59.504+10
2d5f92a36425719ff83fb5ee0023ba72,20250701,20250708,d4680a0984ad2d62127cc2b5ec019624,d64e0756aab2ec1bb750fbe1e057b307,0cbeeb2bf9183870f6859a7a8e69349e,2,2.0,231.07,462.14,462.14,307.3340134308169,ORD_AU_622494,9,user_8206@company.com,APPROVED,data\source\orders_au_cc_au_002_202508.json,3491024690710836610,AUD,2025-08-10 14:24:59.504+10
4ed7bdf1341dd7af0366a3a6b7b6de1e,20250701,20250706,ae3328023c15672e5202871def883d8a,38e87d3db9b9a1d2dbe7321ac29df584,b646c84ea74ebbd2ce27e17d75e2b819,2,2.0,153.97,307.94,307.94,204.7873719995797,ORD_AU_997469,8,user_2881@company.com,PENDING,data\source\orders_au_cc_au_004_202508.json,7790029474195473457,AUD,2025-08-10 14:24:59.504+10
7816f5e4d628a1a7512049f82502d8e7,20250701,20250708,2f9cd7e07b2c3a542b837e13a2fc83d9,bbc4ee462e9f76716579f1a6c5627b49,7c7a81ccb126cde0cd898336089fc5a4,1,1.0,492.28,492.28,740.2443896799999,492.28,ORD_US_181379,6,user_5853@company.com,PENDING,data\source\orders_us_cc_us_005_202508.json,12865670628505666988,USD,2025-08-10 14:24:59.504+10
27fae6c7ff6572bd324c2907cc0b44bf,20250701,20250705,d4de6470b90d995178d2494307f639ef,bbc4ee462e9f76716579f1a6c5627b49,9a46757e81ccf82fe0b6c45bff5e1ea5,1,10.0,469.28,4692.799999999999,7056.591516799999,4692.799999999999,ORD_US_253352,1,user_1767@company.com,PENDING,data\source\orders_us_cc_us_003_202508.json,10554230978168467997,USD,2025-08-10 14:24:59.504+10
cdf9df0861216f5d0d4370afed0870ff,20250701,20250715,d70ed7a32bdc9dcadee90f6e0dbaf443,153f4fead6bcb7b8277efee4aed71c31,89b40904deb88f8684c25d3c11340838,1,3.0,223.21,669.63,1006.9266487799999,669.63,ORD_US_274239,3,user_4754@company.com,PENDING,data\source\orders_us_cc_us_002_202508.json,2672830127298402255,USD,2025-08-10 14:24:59.504+10
1baa5d7406662e11494dedc1431402e7,20250701,20250715,ef87068ac6e5cd01dcca96f0ac205f08,38e87d3db9b9a1d2dbe7321ac29df584,e6e3354b3bb843fb345fafb6ce93e951,1,3.0,135.01,405.03,609.04604118,405.03,ORD_US_727480,6,user_7247@company.com,APPROVED,data\source\orders_us_cc_us_004_202508.json,12100288179313290016,USD,2025-08-10 14:24:59.504+10
